WikidataID|lang_en|label_en|P1545_ciic|P1545_ucc|description_en|alias_en|lang_de|label_de|description_de|alias_de||P186|P195_1|P248_C1|P195_2|P248_C2|P195_3|P248_C3|P625_coord|P189_place|P17_country|P189_county|P2043|P2048|P2049|P1684|P518_I|P6568_1|P518_IE1|P248_IER1|P6568_2|P518_IE2|P6568_3|P518_IE3|P6568_4|P518_IE4|P6568_5|P518_IE5|P5816
Q70892272|en|CIIC 1|1||Ogam Stone CIIC 1||de|CIIC 1|Ogam Stein CIIC 1||||||||||53.4855556,-9.316944444444443|Q85390377|Q27|Q169923||||LIE LUGUAEDON MACCI MENUEH|||||||||||||
Q70892276|en|CIIC 2|2||Ogam Stone CIIC 2||de|CIIC 2|Ogam Stein CIIC 2||||||||||53.8163889,-7.870555555555556|Q85390407|Q27|Q107397||||QENUVEN...|Q18122778||||||||||||
Q70892278|en|CIIC 3|3||Ogam Stone CIIC 3||de|CIIC 3|Ogam Stein CIIC 3||||||||||53.7816667,-8.805000000000001|Q85390382|Q27|Q178626||||CUNALEGI AVI QUNACANOS|||||||||||||
Q70899515|en|CIIC 4|4||Ogam Stone CIIC 4||de|CIIC 4|Ogam Stein CIIC 4|||Q13085|Q69387988|Q70256237|||||53.7736111,-8.765555555555556|Q72006009|Q27|Q178626|121.92|50.8|30.48|LUGADDON MAQI LUGUDEC DDISI MO[...]CQU S(?)EL|Q18122778||||||||||||Q56557159
Q70899516|en|CIIC 5|5||Ogam Stone CIIC 5||de|CIIC 5|Ogam Stein CIIC 5||||||||||53.8961111,-8.665277777777778|Q85390384|Q27|Q178626||||ALATTOS MAQI BR...|Q18122778||||||||||||
Q70892286|en|CIIC 6|6||Ogam Stone CIIC 6||de|CIIC 6|Ogam Stein CIIC 6||||||||||53.7286111,-8.709444444444443|Q85390409|Q27|Q178626||||QASIGN[i] MAQ[I]|Q18122778||||||||||||
Q70899519|en|CIIC 7|7||Ogam Stone CIIC 7||de|CIIC 7|Ogam Stein CIIC 7||||||||||54.0744444,-9.08388888888889|Q85390388|Q27|Q178626||||....MA]Q CERAN[I] AVI ATHECETAIMIN|Q18122778||||||||||||
Q70892288|en|CIIC 8|8||Ogam Stone CIIC 8||de|CIIC 8|Ogam Stein CIIC 8||||||||||53.7463889,-9.870000000000001|Q85390429|Q27|Q178626||||]OVI|Q18122778|Q67381254|Q18122778|Q70256237|||||||||
Q70892292|en|CIIC 9|9||Ogam Stone CIIC 9||de|CIIC 9|Ogam Stein CIIC 9||||||||||54.2602778,-9.330833333333333|Q85390391|Q27|Q178626||||MAQ-ACTO MAQ GAR[... MAQI MUCOI Z]|Q18122778||||||||||||
Q70892302|en|CIIC 10|10||Ogam Stone CIIC 10||de|CIIC 10|Ogam Stein CIIC 10||||||||||54.2486111,-9.248055555555554|Q85390394|Q27|Q178626||||L[E]GG               SD[...]LEŋESCAD MAQ CORRBRI MAQ AMMLLOŋITT|||||||||||||
Q70892303|en|CIIC 11|11||Ogam Stone CIIC 11||de|CIIC 11|Ogam Stein CIIC 11||||||||||53.84,-8.362222222222222|Q85390417|Q27|Q179437||||CUNOVATO|||||||||||||
Q70892306|en|CIIC 12|12||Ogam Stone CIIC 12||de|CIIC 12|Ogam Stein CIIC 12||||||||||53.8075,-8.297777777777778|Q85390711|Q27|Q179437||||VRAICCI MAQI MEDVVI|||||||||||||
Q70899521|en|CIIC 13|13||Ogam Stone CIIC 13||de|CIIC 13|Ogam Stein CIIC 13||||||||||53.8075,-8.297777777777778|Q85390711|Q27|Q179437||||QREGAS MU[...|Q18122778||||||||||||
Q70899522|en|CIIC 14|14||Ogam Stone CIIC 14||de|CIIC 14|Ogam Stein CIIC 14||||||||||52.6316667,-6.956388888888889|Q85391730|Q27|Q181882||||n/a|||||||||||||
Q70892312|en|CIIC 15|15||Ogam Stone CIIC 15||de|CIIC 15|Ogam Stein CIIC 15||||||||||52.8263889,-6.573611111111111|Q85391717|Q27|Q181882||||RENI|Q18122778|Q67381254|Q18122778|Q70256237|||||||||
Q70899524|en|CIIC 16|16||Ogam Stone CIIC 16||de|CIIC 16|Ogam Stein CIIC 16||||||||||52.7819444,-6.716666666666667|Q85391648|Q27|Q181882||||DUNAIDONAS MAQI MARIANI|||||||||||||
Q70892316|en|CIIC 17|17||Ogam Stone CIIC 17||de|CIIC 17|Ogam Stein CIIC 17||||||||||52.8480556,-6.727222222222222|Q85391650|Q27|Q181882||||MUCOI MUCC[I|Q18122778||||||||||||
Q70892318|en|CIIC 18|18||Ogam Stone CIIC 18||de|CIIC 18|Ogam Stein CIIC 18||||||||||53.4197222,-6.152500000000001|Q85391732|Q27|Q173500||||S   B           N                   GL T  DM...|Q18122778||||||||||||
Q70899528|en|CIIC 19|19||Ogam Stone CIIC 19||de|CIIC 19|Ogam Stein CIIC 19||||||||||53.0311111,-6.756388888888889|Q85391762|Q27|Q173500||||OVANOS AVI IVACATTOS|||||||||||||
Q70892328|en|CIIC 20|20||Ogam Stone CIIC 20||de|CIIC 20|Ogam Stein CIIC 20||||||||||53.0311111,-6.756388888888889|Q85391762|Q27|Q173500||||MAQI-DDECCEDA MAQI MARIN|||||||||||||
Q70899529|en|CIIC 21|21||Ogam Stone CIIC 21||de|CIIC 21|Ogam Stein CIIC 21||||||||||53.0311111,-6.756388888888889|Q85391762|Q27|Q173500||||.....]MAQQI COLLABOTA|Q18122778||||||||||||
Q70899530|en|CIIC 22|22||Ogam Stone CIIC 22||de|CIIC 22|Ogam Stein CIIC 22||||||||||53.0311111,-6.756388888888889|Q85391762|Q27|Q173500||||...EGNI KOI MAQI MUC[OI] A[L]I[NI]|Q18122778||||||||||||
Q70899537|en|CIIC 23|23||Ogam Stone CIIC 23||de|CIIC 23|Ogam Stein CIIC 23||||||||||53.0311111,-6.756388888888889|Q85391762|Q27|Q173500||||AV*S*S*MAQV*S|Q18122778||||||||||||
Q70899538|en|CIIC 24|24||Ogam Stone CIIC 24||de|CIIC 24|Ogam Stein CIIC 24||||||||||53.0311111,-6.756388888888889|Q85391762|Q27|Q173500||||UR|||||||||||||
Q70899541|en|CIIC 25|25||Ogam Stone CIIC 25||de|CIIC 25|Ogam Stein CIIC 25||||||||||53.0311111,-6.756388888888889|Q85391762|Q27|Q173500||||LA|||||||||||||
Q70899544|en|CIIC 26|26||Ogam Stone CIIC 26||de|CIIC 26|Ogam Stein CIIC 26||||||||||53.3752778,-6.551111111111111|Q85391654|Q27|Q173332||||NETTAVRECC [KOI?] MAQI MUCCOI TRENALUGGO|Q18122778||||||||||||
Q70892342|en|CIIC 27|27||Ogam Stone CIIC 27||de|CIIC 27|Ogam Stein CIIC 27||||||||||52.76,-7.524444444444445|Q85391701|Q27|Q173332||||CNAEMSECH CELLACH MINODOR MUAD MAELMAIRE MAELUADAIG MALMAIRE|||||||||||||
Q70892353|en|CIIC 28|28||Ogam Stone CIIC 28||de|CIIC 28|Ogam Stein CIIC 28||||||||||52.6513889,-7.150555555555556|Q85391656|Q27|Q180231||||TASEGAGNI [MAQ]I MUCOI MACORBO|Q18122778||||||||||||
Q70892354|en|CIIC 29|29||Ogam Stone CIIC 29||de|CIIC 29|Ogam Stein CIIC 29||||||||||52.6177778,-7.1722222222222225|Q85391719|Q27|Q180231||||BRAN[I]TTAS M[A]QI DUCR[I]DDA|Q18122778||||||||||||
Q70892357|en|CIIC 30|30||Ogam Stone CIIC 30||de|CIIC 30|Ogam Stein CIIC 30||||||||||52.6177778,-7.1722222222222225|Q85391719|Q27|Q180231||||NAVALLO AVVI GENITTAC[...|Q18122778||||||||||||
Q70892359|en|CIIC 31|31||Ogam Stone CIIC 31||de|CIIC 31|Ogam Stein CIIC 31||||||||||52.5188889,-7.036388888888888|Q85391658|Q27|Q180231||||DRUGNO MAQI MUCOI [....] NAMI|Q18122778||||||||||||
Q70892361|en|CIIC 32|32||Ogam Stone CIIC 32||de|CIIC 32|Ogam Stein CIIC 32||||||||||52.6325,-7.066111111111111|Q85391704|Q27|Q180231||||MAQI-ERACIAS MAQI DIMAQA MUCO[I....|Q18122778||||||||||||
Q70892363|en|CIIC 33|33||Ogam Stone CIIC 33||de|CIIC 33|Ogam Stein CIIC 33||||||||||52.5425,-6.958055555555556|Q85391660|Q27|Q180231||||n/a|||||||||||||
Q70892365|en|CIIC 34|34||Ogam Stone CIIC 34||de|CIIC 34|Ogam Stein CIIC 34||||||||||52.5386111,-7.158611111111111|Q85391706|Q27|Q180231||||LOBBI KOI MAQQI MUCCOI RINI|||||||||||||
Q70892367|en|CIIC 35|35||Ogam Stone CIIC 35||de|CIIC 35|Ogam Stein CIIC 35||||||||||52.5775,-7.121388888888888|Q85391735|Q27|Q180231||||VIR...|Q18122778||||||||||||
Q70892369|en|CIIC 36|36||Ogam Stone CIIC 36||de|CIIC 36|Ogam Stein CIIC 36||||||||||52.4438889,-7.360833333333333|Q85391666|Q27|Q180231||||SEVERRIT [MAQI MUCOI RO]TTAIS|Q18122778||||||||||||
Q70892376|en|CIIC 37|37||Ogam Stone CIIC 37||de|CIIC 37|Ogam Stein CIIC 37||||||||||52.4438889,-7.360833333333333|Q85391666|Q27|Q180231||||DOVATUCI [A]VI TULOTANAGIA|Q18122778||||||||||||
Q67510124|en|CIIC 38|38||Ogam Stone CIIC 38||de|CIIC 38|Ogam Stein CIIC 38|||Q207079|Q69387988|Q70256237|||||52.4719444,-7.231111111111111|Q69378747|Q27|Q180231|231.14|175.26|22.86|CORBI KOI MAQI LABRID [...|Q18122778||||||||||||Q56557159
Q70892378|en|CIIC 39|39||Ogam Stone CIIC 39||de|CIIC 39|Ogam Stein CIIC 39||||||||||53.845,-6.476666666666667|Q85391668|Q27|Q180231||||BRANOGENI|||||||||||||
Q70892380|en|CIIC 40|40||Ogam Stone CIIC 40||de|CIIC 40|Ogam Stein CIIC 40||||||||||53.6733333,-6.559166666666666|Q85391671|Q27|Q183539||||MAQI-CAIRATINI AVI INEQAGLAS|Q18122778||||||||||||
Q70892381|en|CIIC 41|41||Ogam Stone CIIC 41||de|CIIC 41|Ogam Stein CIIC 41||||||||||53.7358333,-6.96|Q85391673|Q27|Q183544||||COVAGNI MAQI MUCOI LUGUNI|||||||||||||
Q70892382|en|CIIC 42|42||Ogam Stone CIIC 42||de|CIIC 42|Ogam Stein CIIC 42||||||||||52.2505556,-6.720555555555555|Q85391707|Q27|Q183544||||n/a|||||||||||||
Q70892386|en|CIIC 43|43||Ogam Stone CIIC 43||de|CIIC 43|Ogam Stein CIIC 43||||||||||52.1173,-6.6177|Q85391722|Q27|Q184599||||LONAMNI AVI BARI|||||||||||||
Q70892388|en|CIIC 44|44||Ogam Stone CIIC 44||de|CIIC 44|Ogam Stein CIIC 44||||||||||52.2152778,-6.4275|Q85391675|Q27|Q184599||||IARNI|||||||||||||
Q70892390|en|CIIC 45|45||Ogam Stone CIIC 45||de|CIIC 45|Ogam Stein CIIC 45||||||||||52.5436111,-6.530277777777778|Q85391677|Q27|Q184599||||n/a|||||||||||||
Q70892393|en|CIIC 46|46||Ogam Stone CIIC 46||de|CIIC 46|Ogam Stein CIIC 46||||||||||52.1613889,-6.887777777777777|Q85391680|Q27|Q184599||||SEDAN[I MAQQI CAT]TABBOTT AVVI DERCMASOC|Q18122778||||||||||||
Q70892399|en|CIIC 47|47||Ogam Stone CIIC 47||de|CIIC 47|Ogam Stein CIIC 47||||||||||52.9091667,-6.063611111111111|Q85391708|Q27|Q184599||||NETA-CARI NETA CAGI|||||||||||||
Q70892402|en|CIIC 48|48||Ogam Stone CIIC 48||de|CIIC 48|Ogam Stein CIIC 48||||||||||53.0169444,-6.617777777777778|Q85391710|Q27|Q182591||||IAQINI KOI MAQI MUC ....|Q18122778||||||||||||
Q70892404|en|CIIC 49|49||Ogam Stone CIIC 49||de|CIIC 49|Ogam Stein CIIC 49||||||||||52.9663889,-6.624444444444445|Q85391683|Q27|Q182591||||..CCI MAQ..INI..|Q18122778||||||||||||
Q70892406|en|CIIC 50|50||Ogam Stone CIIC 50||de|CIIC 50|Ogam Stein CIIC 50||||||||||53.9469444,-6.608888888888888|Q85391685|Q27|Q182591||||VOTI|||||||||||||
Q70892409|en|CIIC 51|51||Ogam Stone CIIC 51||de|CIIC 51|Ogam Stein CIIC 51||||||||||52.9980556,-6.535|Q85391711|Q27|Q182591||||MAQI NILI|||||||||||||
Q70892410|en|CIIC 52|52||Ogam Stone CIIC 52||de|CIIC 52|Ogam Stein CIIC 52||||||||||53.0222222,-9.063611111111111|Q85393909|Q27|Q182591||||n/a|||||||||||||
Q70892412|en|CIIC 53|53||Ogam Stone CIIC 53||de|CIIC 53|Ogam Stein CIIC 53||||||||||52.8463,-8.9807|Q85394775|Q27|Q181862||||ATUCMLU|||||||||||||
Q70892414|en|CIIC 54|54||Ogam Stone CIIC 54||de|CIIC 54|Ogam Stein CIIC 54||||||||||52.8033333,-8.447777777777778|Q85393912|Q27|Q181862||||[TH]URGRIM RISTI [KR]US THINA BENDACHT [AR] TOROQR[IM]|Q18122778||||||||||||
Q70892416|en|CIIC 55|55||Ogam Stone CIIC 55||de|CIIC 55|Ogam Stein CIIC 55||||||||||51.7330556,-9.28361111111111|Q85394096|Q27|Q181862||||ANM SAINA MAQ OGALA MUCOI TEMOCA|||||||||||||
Q70892424|en|CIIC 56|56||Ogam Stone CIIC 56||de|CIIC 56|Ogam Stein CIIC 56||||||||||52.0680556,-8.599444444444446|Q85393991|Q27|Q162475||||SAGITTARI|||||||||||||
Q70892427|en|CIIC 57|57||Ogam Stone CIIC 57||de|CIIC 57|Ogam Stein CIIC 57|||Q22731|Q72006309|Q70256237|||||52.0811111,-8.601944444444444|Q72006007|Q27|Q162475|246.38|55.88|30.48|TRENU MAQI MUCOI QRITTI|||||||||||||Q56557159
Q70892430|en|CIIC 58|58||Ogam Stone CIIC 58||de|CIIC 58|Ogam Stein CIIC 58|||Q22731|Q72006309|Q70256237|||||52.0811111,-8.601944444444444|Q72006007|Q27|Q162475|n/a|n/a|n/a|CATTUBUTTAS MAQ[...|Q18122778||||||||||||Q56557159
Q70892431|en|CIIC 59|59||Ogam Stone CIIC 59||de|CIIC 59|Ogam Stein CIIC 59||||||||||52.0102778,-8.453333333333333|Q85393914|Q27|Q162475||||]UIVAIBES ]RTAGNI|Q18122778||||||||||||
Q70892434|en|CIIC 60|60||Ogam Stone CIIC 60||de|CIIC 60|Ogam Stein CIIC 60||||||||||52.0102778,-8.453333333333333|Q85393914|Q27|Q162475||||MAILAGN(I)|Q18122778||||||||||||
Q70885730|en|CIIC 61|61|24|Ogam Stone CIIC 61|Ogam Stone 24 (Stone Corridor at UCC)|de|CIIC 61|Ogam Stein CIIC 61|Ogham Stein 24 (Stein Corridor at UCC)|||||||||52.0086111,-8.360555555555555|Q85393915|Q27|Q162475||||OLAGNI MAQ[...|||||||||||||
Q70892436|en|CIIC 62|62||Ogam Stone CIIC 62||de|CIIC 62|Ogam Stein CIIC 62||||||||||51.9808333,-8.452777777777778|Q85393918|Q27|Q162475||||DOCRANORI|||||||||||||
Q70885723|en|CIIC 63|63|21|Ogam Stone CIIC 63|Ogam Stone 21 (Stone Corridor at UCC)|de|CIIC 63|Ogam Stein CIIC 63|Ogham Stein 21 (Stein Corridor at UCC)|||||||||51.9694444,-8.175555555555555|Q85393995|Q27|Q162475||||COLOMAGNI AVI DUCURI BRUSCO MAQI DOVALESCI|||||||||||||
Q70892438|en|CIIC 64|64||Ogam Stone CIIC 64||de|CIIC 64|Ogam Stein CIIC 64||||||||||51.9694444,-8.175555555555555|Q85393995|Q27|Q162475||||LODIMONI|||||||||||||
Q70892442|en|CIIC 65|65||Ogam Stone CIIC 65||de|CIIC 65|Ogam Stein CIIC 65||||||||||52.0052778,-8.24611111111111|Q85393922|Q27|Q162475||||LOGA MAQI SDANBI|||||||||||||
Q70892444|en|CIIC 66|66||Ogam Stone CIIC 66||de|CIIC 66|Ogam Stein CIIC 66||||||||||51.7122222,-9.935277777777777|Q85393998|Q27|Q162475||||MAQI-DECCEDDAS AVI TURANIAS|||||||||||||
Q70892450|en|CIIC 67|67||Ogam Stone CIIC 67||de|CIIC 67|Ogam Stein CIIC 67||||||||||51.6288889,-9.981666666666667|Q85394098|Q27|Q162475||||CARI|||||||||||||
Q70892452|en|CIIC 68|68||Ogam Stone CIIC 68||de|CIIC 68|Ogam Stein CIIC 68||||||||||51.7275,-9.711944444444443|Q85394111|Q27|Q162475||||LUGUQRIT [.........] LONAS|Q18122778||||||||||||
Q70892453|en|CIIC 69|69||Ogam Stone CIIC 69||de|CIIC 69|Ogam Stein CIIC 69||||||||||51.6788889,-8.846944444444444|Q85394002|Q27|Q162475||||GIRAGNI|||||||||||||
Q70892457|en|CIIC 70|70||Ogam Stone CIIC 70||de|CIIC 70|Ogam Stein CIIC 70||||||||||51.6788889,-8.846944444444444|Q85394002|Q27|Q162475||||CUNAGUSOS MAQi MUCOI VIRAGNI|||||||||||||
Q70892459|en|CIIC 71|71||Ogam Stone CIIC 71||de|CIIC 71|Ogam Stein CIIC 71||||||||||51.6788889,-8.846944444444444|Q85394002|Q27|Q162475||||COIMAGNI MAQI MOCOI GA...|Q18122778||||||||||||
Q70892460|en|CIIC 72|72||Ogam Stone CIIC 72||de|CIIC 72|Ogam Stein CIIC 72||||||||||51.7708333,-9.088055555555556|Q85394004|Q27|Q162475||||UBEDABO ALTASI|||||||||||||
Q70892463|en|CIIC 73|73||Ogam Stone CIIC 73||de|CIIC 73|Ogam Stein CIIC 73||||||||||51.6883333,-8.95611111111111|Q85393926|Q27|Q162475||||DOMNGEN|||||||||||||
Q70892466|en|CIIC 74|74||Ogam Stone CIIC 74||de|CIIC 74|Ogam Stein CIIC 74||||||||||51.6883333,-8.95611111111111|Q85393926|Q27|Q162475||||CONANN M[AQI] S...|Q18122778||||||||||||
Q70892468|en|CIIC 75|75||Ogam Stone CIIC 75||de|CIIC 75|Ogam Stein CIIC 75||||||||||51.7594444,-9.185833333333333|Q85393928|Q27|Q162475||||ANM CASONI [MAQ]I RODAGNI|Q18122778||||||||||||
Q70892474|en|CIIC 76|76||Ogam Stone CIIC 76||de|CIIC 76|Ogam Stein CIIC 76||||||||||51.645,-8.893055555555556|Q85394006|Q27|Q162475||||ANM TENAS MACi V[...|||||||||||||
Q70892476|en|CIIC 77|77||Ogam Stone CIIC 77||de|CIIC 77|Ogam Stein CIIC 77||||||||||51.5777778,-9.0125|Q85393931|Q27|Q162475||||n/a|||||||||||||
Q70892478|en|CIIC 78|78||Ogam Stone CIIC 78||de|CIIC 78|Ogam Stein CIIC 78||||||||||51.9577778,-8.539722222222222|Q85394074|Q27|Q162475||||n/a|||||||||||||
Q70892481|en|CIIC 79|79||Ogam Stone CIIC 79||de|CIIC 79|Ogam Stein CIIC 79||||||||||51.9772222,-8.075555555555555|Q85393934|Q27|Q162475||||ELUNA MU[C...|||||||||||||
Q70892484|en|CIIC 80|80||Ogam Stone CIIC 80||de|CIIC 80|Ogam Stein CIIC 80||||||||||51.9772222,-8.075555555555555|Q85393934|Q27|Q162475||||[M]|Q18122778||||||||||||
Q69385424|en|CIIC 81|81|4|Ogam Stone CIIC 81|Ogam Stone 4 (Stone Corridor at UCC)|de|CIIC 81|Ogam Stein CIIC 81|Ogham Stein 4 (Stein Corridor UCC)||Q22731|Q69387988|Q70256237|Q69379477|Q69379477|||51.8163889,-8.761666666666667|Q69385525|Q27|Q162475|17.78|175.26|48.26|C[A]SSITT[A]S MAQI MUCOI CALLITI|Q18122778||||||||||||Q56557591
Q70892485|en|CIIC 82|82||Ogam Stone CIIC 82||de|CIIC 82|Ogam Stein CIIC 82||||||||||52.0269444,-8.071111111111112|Q85394270|Q27|Q162475||||MAILAGURO MAQ[I...]VILEB[...|Q18122778||||||||||||
Q70885704|en|CIIC 83|83|14|Ogam Stone CIIC 83|Ogam Stone 14 (Stone Corridor at UCC)|de|CIIC 83|Ogam Stein CIIC 83|Ogham Stein 14 (Stein Corridor at UCC)|||||||||52.0269444,-8.071111111111112|Q85394270|Q27|Q162475||||LAMADILICCI MAC MAIL BROCC|||||||||||||
Q70892488|en|CIIC 84|84||Ogam Stone CIIC 84||de|CIIC 84|Ogam Stein CIIC 84||||||||||52.0269444,-8.071111111111112|Q85394270|Q27|Q162475||||ERACOBI MAQI ERAQETAI|||||||||||||
Q70885695|en|CIIC 85|85|9|Ogam Stone CIIC 85|Ogam Stone 9 (Stone Corridor at UCC)|de|CIIC 85|Ogam Stein CIIC 85|Ogham Stein 9 (Stein Corridor at UCC)|||||||||52.0269444,-8.071111111111112|Q85394270|Q27|Q162475||||GRILAGNI MAQI SCILAGNI|||||||||||||
Q70885716|en|CIIC 86|86|18|Ogam Stone CIIC 86|Ogam Stone 18 (Stone Corridor at UCC)|de|CIIC 86|Ogam Stein CIIC 86|Ogham Stein 18 (Stein Corridor at UCC)|||||||||52.0269444,-8.071111111111112|Q85394270|Q27|Q162475||||CLIUCOANAS MAQI MAQI-RENI|||||||||||||
Q70885698|en|CIIC 87|87|11|Ogam Stone CIIC 87|Ogam Stone 11 (Stone Corridor at UCC)|de|CIIC 87|Ogam Stein CIIC 87|Ogham Stein 11 (Stein Corridor at UCC)|||||||||52.0269444,-8.071111111111112|Q85394270|Q27|Q162475||||DRUTIQULI MAQI MAQI-RODAGNI|||||||||||||
Q70885720|en|CIIC 88|88|19|Ogam Stone CIIC 88|Ogam Stone 19 (Stone Corridor at UCC)|de|CIIC 88|Ogam Stein CIIC 88|Ogham Stein 19 (Stein Corridor at UCC)|||||||||52.0269444,-8.071111111111112|Q85394270|Q27|Q162475||||BRANAN MAQI OQOLI|||||||||||||
Q70885690|en|CIIC 89|89|7|Ogam Stone CIIC 89|Ogam Stone 7 (Stone Corridor at UCC)|de|CIIC 89|Ogam Stein CIIC 89|Ogham Stein 7 (Stein Corridor at UCC)|||||||||52.0269444,-8.071111111111112|Q85394270|Q27|Q162475||||BOGAI MAQI BIRACO|||||||||||||
Q70885712|en|CIIC 90|90|16|Ogam Stone CIIC 90|Ogam Stone 16 (Stone Corridor at UCC)|de|CIIC 90|Ogam Stein CIIC 90|Ogham Stein 16 (Stein Corridor at UCC)|||||||||52.0269444,-8.071111111111112|Q85394270|Q27|Q162475||||CRONUN MAC BAIT|||||||||||||
Q70892490|en|CIIC 91|91||Ogam Stone CIIC 91||de|CIIC 91|Ogam Stein CIIC 91||||||||||52.0269444,-8.071111111111112|Q85394270|Q27|Q162475||||BLATEGSI|||||||||||||
Q70885713|en|CIIC 92|92|17|Ogam Stone CIIC 92|Ogam Stone 17 (Stone Corridor at UCC)|de|CIIC 92|Ogam Stein CIIC 92|Ogham Stein 17 (Stein Corridor at UCC)|||||||||52.0269444,-8.071111111111112|Q85394270|Q27|Q162475||||ACTI MAQI [.....MAGO.|Q18122778||||||||||||
Q70885692|en|CIIC 93|93|8|Ogam Stone CIIC 93|Ogam Stone 8 (Stone Corridor at UCC)|de|CIIC 93|Ogam Stein CIIC 93|Ogham Stein 8 (Stein Corridor at UCC)|||||||||52.0269444,-8.071111111111112|Q85394270|Q27|Q162475||||ERCAIDANA|||||||||||||
Q70885706|en|CIIC 94|94|15|Ogam Stone CIIC 94|Ogam Stone 15 (Stone Corridor at UCC)|de|CIIC 94|Ogam Stein CIIC 94|Ogham Stein 15 (Stein Corridor at UCC)|||||||||52.0269444,-8.071111111111112|Q85394270|Q27|Q162475||||DOMMO MACI VEDUCERI|||||||||||||
Q70885703|en|CIIC 95|95|13|Ogam Stone CIIC 95|Ogam Stone 13 (Stone Corridor at UCC)|de|CIIC 95|Ogam Stein CIIC 95|Ogham Stein 13 (Stein Corridor at UCC)|||||||||52.0269444,-8.071111111111112|Q85394270|Q27|Q162475||||NAM MEDDOGENI|||||||||||||
Q70885697|en|CIIC 96|96|10|Ogam Stone CIIC 96|Ogam Stone 10 (Stone Corridor at UCC)|de|CIIC 96|Ogam Stein CIIC 96|Ogham Stein 10 (Stein Corridor at UCC)|||||||||52.0269444,-8.071111111111112|Q85394270|Q27|Q162475||||COVALOTI|||||||||||||
Q70892493|en|CIIC 97|97||Ogam Stone CIIC 97||de|CIIC 97|Ogam Stein CIIC 97||||||||||51.8386111,-8.608333333333333|Q85394010|Q27|Q162475||||...]LL MAQI VORRTIGURN DOIBI|Q18122778||||||||||||
Q70892498|en|CIIC 98|98||Ogam Stone CIIC 98||de|CIIC 98|Ogam Stein CIIC 98||||||||||51.8386111,-8.608333333333333|Q85394010|Q27|Q162475||||CORBAGNI K[OI] M[A]Q[I] MOCCOI COROTANI|Q18122778||||||||||||
Q70892501|en|CIIC 99|99||Ogam Stone CIIC 99||de|CIIC 99|Ogam Stein CIIC 99||||||||||51.8386111,-8.608333333333333|Q85394010|Q27|Q162475||||SACATTINI|||||||||||||
Q70892504|en|CIIC 100|100||Ogam Stone CIIC 100||de|CIIC 100|Ogam Stein CIIC 100||||||||||51.8386111,-8.608333333333333|Q85394010|Q27|Q162475||||AB ULCCAGNI|||||||||||||
Q70892506|en|CIIC 101|101||Ogam Stone CIIC 101||de|CIIC 101|Ogam Stein CIIC 101||||||||||51.8386111,-8.608333333333333|Q85394010|Q27|Q162475||||MAQI-ESEA MAQI DOMANEQI|||||||||||||
Q70892509|en|CIIC 102|102||Ogam Stone CIIC 102||de|CIIC 102|Ogam Stein CIIC 102||||||||||51.8386111,-8.608333333333333|Q85394010|Q27|Q162475||||DILOGONN|||||||||||||
Q69377850|en|CIIC 103|103|1|Ogam Stone CIIC 103|Ogam Stone 1 (Stone Corridor at UCC)|de|CIIC 103|Ogam Stein CIIC 103|Ogham Stein 1 (Stein Corridor UCC)||Q13085|Q69387988|Q70256237|Q69379477|Q69379477|||52.0158333,-8.818333333333333|Q69378412|Q27|Q162475|10.16|142.24|38.1|CARRTTACC GAQI MU CAGG[I]|Q18122778||||||||||||Q56557591
Q70892510|en|CIIC 104|104||Ogam Stone CIIC 104||de|CIIC 104|Ogam Stein CIIC 104||||||||||51.9558333,-8.823888888888888|Q85394077|Q27|Q162475||||ANM CORRE MAQVI UDD[GLO]METT|Q18122778||||||||||||
Q70885728|en|CIIC 105|105|23|Ogam Stone CIIC 105|Ogam Stone 23 (Stone Corridor at UCC)|de|CIIC 105|Ogam Stein CIIC 105|Ogham Stein 23 (Stein Corridor at UCC)|||||||||51.9558333,-8.823888888888888|Q85394077|Q27|Q162475||||ANM NETACUNAS CELI VIDETTAS|||||||||||||
Q70892513|en|CIIC 106|106||Ogam Stone CIIC 106||de|CIIC 106|Ogam Stein CIIC 106||||||||||51.9408333,-8.887777777777778|Q85393938|Q27|Q162475||||[COLAB]OT MAQI MAQI-RITE [MAQI MU]COI CORIBIRI|Q18122778||||||||||||
Q70885727|en|CIIC 107|107|22|Ogam Stone CIIC 107|Ogam Stone 22 (Stone Corridor at UCC)|de|CIIC 107|Ogam Stein CIIC 107|Ogham Stein 22 (Stein Corridor at UCC)|||||||||51.9911111,-8.866111111111111|Q85394126|Q27|Q162475||||CUNAGUSSOS MA[...|Q18122778||||||||||||
Q70892516|en|CIIC 108|108||Ogam Stone CIIC 108||de|CIIC 108|Ogam Stein CIIC 108||||||||||51.9875,-8.81|Q85394079|Q27|Q162475||||LUGUDUC MAQI MAQI-OC [...|Q18122778||||||||||||
Q70892518|en|CIIC 109|109||Ogam Stone CIIC 109||de|CIIC 109|Ogam Stein CIIC 109||||||||||51.9855556,-8.789444444444444|Q85394014|Q27|Q162475||||UDDMENSA CELI NETTASLOGI|||||||||||||
Q70892523|en|CIIC 110|110||Ogam Stone CIIC 110||de|CIIC 110|Ogam Stein CIIC 110||||||||||51.9575,-8.83888888888889|Q85393940|Q27|Q162475||||B..Q.....HAGA......DL|Q18122778|Q67381254|Q18122778|Q70256237|||||||||
Q70892526|en|CIIC 111|111||Ogam Stone CIIC 111||de|CIIC 111|Ogam Stein CIIC 111||||||||||51.9575,-8.83888888888889|Q85393940|Q27|Q162475||||LUDUDECA MAQU SI[TT?]ALI MUCOI M...|Q18122778||||||||||||
Q70885739|en|CIIC 112|112|27|Ogam Stone CIIC 112|Ogam Stone 27 (Stone Corridor at UCC)|de|CIIC 112|Ogam Stein CIIC 112|Ogham Stein 27 (Stein Corridor at UCC)|||||||||51.8680556,-8.794722222222221|Q69383268|Q27|Q162475||||MICANAVVI MAQ LUGUNI|||||||||||||
Q70382440|en|CIIC 113|113|5|Ogam Stone CIIC 113|Ogam Stone 5 (Stone Corridor at UCC)|de|CIIC 113|Ogam Stein CIIC 113|Ogham Stein 5 (Stein Corridor UCC)||Q207079|Q69383371|Q70256237|Q69379477|Q69379477|||51.8680556,-8.794722222222221|Q69383268|Q27|Q162475|22.86|175.26|38.1|VEQIKAMI MAQI LUGUNI|||||||||||||Q56557591
Q70885736|en|CIIC 114|114|26|Ogam Stone CIIC 114|Ogam Stone 2a/b6 (Stone Corridor at UCC)|de|CIIC 114|Ogam Stein CIIC 114|Ogham Stein 26a/b (Stein Corridor at UCC)|||||||||51.8680556,-8.794722222222221|Q69383268|Q27|Q162475||||GRIMIGGN[I MAQ]I CERC...|||||||||||||
Q69383434|en|CIIC 115|115|2|Ogam Stone CIIC 115|Ogam Stone 2 (Stone Corridor at UCC)|de|CIIC 115|Ogam Stein CIIC 115|Ogham Stein 2 (Stein Corridor UCC)||Q22731|Q69383371|Q70256237|Q69379477|Q69379477|||51.8680556,-8.794722222222221|Q69383268|Q27|Q162475|25.4|310.6|40.46|CULRIGAI MAQI MENUMAQ[I]|||||||||||||Q56557159
Q70382438|en|CIIC 116|116|6|Ogam Stone CIIC 116|Ogam Stone 6 (Stone Corridor at UCC)|de|CIIC 116|Ogam Stein CIIC 116|Ogham Stein 6 (Stein Corridor UCC)||Q70383318|Q69383371|Q70256237|Q69379477|Q69379477|||51.8680556,-8.794722222222221|Q69383268|Q27|Q162475|25.4|190.05|43.18|BRANI MAQQI MUCC[OI......]R[A]L[...|Q18122778||||||||||||Q56557591
Q69385241|en|CIIC 117|117|3|Ogam Stone CIIC 117|Ogam Stone 3 (Stone Corridor at UCC)|de|CIIC 117|Ogam Stein CIIC 117|Ogham Stein 3 (Stein Corridor UCC)||Q1932127|Q69383371|Q70256237|Q69379477|Q69379477|||51.8680556,-8.794722222222221|Q69383268|Q27|Q162475|27.94|156.21|40.46|COLLOS|||||||||||||Q56557159
Q70892527|en|CIIC 118|118||Ogam Stone CIIC 118||de|CIIC 118|Ogam Stein CIIC 118||||||||||51.9744444,-8.779444444444445|Q85394081|Q27|Q162475||||VEQREQ MUCOI GLUNLEGGET TENREN MONOI GDUQDEGGEV|||||||||||||
Q70892531|en|CIIC 119|119||Ogam Stone CIIC 119||de|CIIC 119|Ogam Stein CIIC 119||||||||||51.9744444,-8.779444444444445|Q85394081|Q27|Q162475||||DALAGNI MAQI DALI|||||||||||||
Q70892533|en|CIIC 120|120||Ogam Stone CIIC 120||de|CIIC 120|Ogam Stein CIIC 120||||||||||51.9744444,-8.779444444444445|Q85394081|Q27|Q162475||||BROINIENAS KOI NETA TTRENALUGOS.|||||||||||||
Q70892534|en|CIIC 121|121||Ogam Stone CIIC 121||de|CIIC 121|Ogam Stein CIIC 121||||||||||51.9744444,-8.779444444444445|Q85394081|Q27|Q162475||||VERGOSO MACI LLOMINACCA.|||||||||||||
Q70892536|en|CIIC 122|122||Ogam Stone CIIC 122||de|CIIC 122|Ogam Stein CIIC 122||||||||||51.9708333,-8.829444444444444|Q85394114|Q27|Q162475||||MADORA MAQI DEGO|||||||||||||
Q70892539|en|CIIC 123|123||Ogam Stone CIIC 123||de|CIIC 123|Ogam Stein CIIC 123||||||||||51.9708333,-8.829444444444444|Q85394114|Q27|Q162475||||MAQI-BRI.....CELI ALACA...|||||||||||||
Q70892540|en|CIIC 124|124||Ogam Stone CIIC 124||de|CIIC 124|Ogam Stein CIIC 124||||||||||51.8866667,-8.784166666666666|Q85394017|Q27|Q162475||||ANAVLAMATTIAS MUCCOI [..]OELURI AVI AKERAS|Q18122778||||||||||||
Q70892545|en|CIIC 125|125||Ogam Stone CIIC 125||de|CIIC 125|Ogam Stein CIIC 125||||||||||51.8866667,-8.784166666666666|Q85394017|Q27|Q162475||||MAQI-ERCIAS MAQI VALAMNI|||||||||||||
Q70892549|en|CIIC 126|126||Ogam Stone CIIC 126||de|CIIC 126|Ogam Stein CIIC 126||||||||||51.8866667,-8.784166666666666|Q85394017|Q27|Q162475||||VEDACUNA [MAQI] TOBIRA MUCOI SOGINI|Q18122778||||||||||||
Q70885722|en|CIIC 127|127|20|Ogam Stone CIIC 127|Ogam Stone 20 (Stone Corridor at UCC)|de|CIIC 127|Ogam Stein CIIC 127|Ogham Stein 20 (Stein Corridor at UCC)|||||||||51.9463889,-8.757222222222222|Q85394019|Q27|Q162475||||MAQILASPOG B TTMACDE|||||||||||||
Q70885734|en|CIIC 128|128|25|Ogam Stone CIIC 128|Ogam Stone 25 (Stone Corridor at UCC)|de|CIIC 128|Ogam Stein CIIC 128|Ogham Stein 25 (Stein Corridor at UCC)|||||||||52.0075,-8.909166666666668|Q85393943|Q27|Q162475||||DOVETI MAQI LOCARENAS CELI MAQI-CULIDOVI|||||||||||||
Q70892550|en|CIIC 129|129||Ogam Stone CIIC 129||de|CIIC 129|Ogam Stein CIIC 129||||||||||51.5086111,-9.02638888888889|Q85393945|Q27|Q162475||||VEQOANAI MAQI EQOD[..|Q18122778||||||||||||
Q70892553|en|CIIC 130|130||Ogam Stone CIIC 130||de|CIIC 130|Ogam Stein CIIC 130||||||||||52.0666667,-8.928055555555554|Q85393948|Q27|Q162475||||SECIDARI|||||||||||||
Q70892555|en|CIIC 131|131||Ogam Stone CIIC 131||de|CIIC 131|Ogam Stein CIIC 131||||||||||51.8494444, -9.115|Q85394021|Q27|Q162475||||LITUBIRI MAQI QECIA|||||||||||||
Q70892556|en|CIIC 132|132||Ogam Stone CIIC 132||de|CIIC 132|Ogam Stein CIIC 132||||||||||51.8494444, -9.115|Q85394021|Q27|Q162475||||LACAVAGNI|||||||||||||
Q70892558|en|CIIC 133|133||Ogam Stone CIIC 133||de|CIIC 133|Ogam Stein CIIC 133||||||||||51.8494444, -9.115|Q85394021|Q27|Q162475||||VAITEVIA|||||||||||||
Q70892561|en|CIIC 134|134||Ogam Stone CIIC 134||de|CIIC 134|Ogam Stein CIIC 134||||||||||51.8283333,-9.228055555555555|Q85394084|Q27|Q162475||||ASSICONA|||||||||||||
Q70892563|en|CIIC 135|135||Ogam Stone CIIC 135||de|CIIC 135|Ogam Stein CIIC 135||||||||||51.9261111,-9.08388888888889|Q85394128|Q27|Q162475||||MINNACCANNI MAQI AILLUATTAN|||||||||||||
Q70892567|en|CIIC 136|136||Ogam Stone CIIC 136||de|CIIC 136|Ogam Stein CIIC 136||||||||||52.3288889,-9.772777777777778|Q85394024|Q27|Q162475||||CT[A]N ... QLOG|Q18122778||||||||||||
Q70892569|en|CIIC 137|137||Ogam Stone CIIC 137||de|CIIC 137|Ogam Stein CIIC 137||||||||||52.3627778,-9.724166666666667|Q85394087|Q27|Q184469||||ANM VEDLLOIGGOI MACI SEDDOINI|Q18122778||||||||||||
Q70892572|en|CIIC 138|138||Ogam Stone CIIC 138||de|CIIC 138|Ogam Stein CIIC 138||||||||||52.1294444,-10.17611111111111|Q85393952|Q27|Q184469||||LADDIGNI MAQQI MUCCOI AN...|||||||||||||
Q70892574|en|CIIC 139|139||Ogam Stone CIIC 139||de|CIIC 139|Ogam Stein CIIC 139||||||||||52.1294444,-10.17611111111111|Q85393952|Q27|Q184469||||LAIDANN MAQI MACORBO|||||||||||||
Q70892577|en|CIIC 140|140||Ogam Stone CIIC 140||de|CIIC 140|Ogam Stein CIIC 140||||||||||52.1294444,-10.17611111111111|Q85393952|Q27|Q184469||||LUGUVVECCA MAQI[...|Q18122778||||||||||||
Q70892578|en|CIIC 141|141||Ogam Stone CIIC 141||de|CIIC 141|Ogam Stein CIIC 141||||||||||52.1330556,-10.138055555555555|Q85393955|Q27|Q184469||||MAQI MQ[I-...O]GGODIKA.|Q18122778||||||||||||
Q70892582|en|CIIC 142|142||Ogam Stone CIIC 142||de|CIIC 142|Ogam Stein CIIC 142||||||||||52.1330556,-10.138055555555555|Q85393955|Q27|Q184469||||...] CELI AVI VU[..|Q18122778||||||||||||
Q70892584|en|CIIC 143|143||Ogam Stone CIIC 143||de|CIIC 143|Ogam Stein CIIC 143||||||||||52.1591667,-10.063055555555556|Q85394130|Q27|Q184469||||TAQMAQO|Q18122778|Q67381254|Q18122778|Q70256237|||||||||
Q70892586|en|CIIC 144|144||Ogam Stone CIIC 144||de|CIIC 144|Ogam Stein CIIC 144||||||||||52.1430556,-10.049166666666666|Q85394026|Q27|Q184469||||DITAV|||||||||||||
Q70892592|en|CIIC 145|145||Ogam Stone CIIC 145||de|CIIC 145|Ogam Stein CIIC 145||||||||||52.2675,-10.236944444444443|Q85394028|Q27|Q184469||||QRIMITIR RON[A]NN MAQ COMOGANN|Q18122778||||||||||||
Q70892594|en|CIIC 146|146||Ogam Stone CIIC 146||de|CIIC 146|Ogam Stein CIIC 146||||||||||52.1666667,-10.382222222222223|Q85393959|Q27|Q184469||||LUGUQRIT MA[QI] QRITT[I]|Q18122778||||||||||||
Q70892598|en|CIIC 147|147||Ogam Stone CIIC 147||de|CIIC 147|Ogam Stein CIIC 147||||||||||52.1405556,-10.2075|Q85393961|Q27|Q184469||||MOINENA MAQI OLACON|||||||||||||
Q70892599|en|CIIC 148|148||Ogam Stone CIIC 148||de|CIIC 148|Ogam Stein CIIC 148||||||||||52.1761111,-10.386111111111111|Q85394310|Q27|Q184469||||DUBONIRRAS MAQQI TENAC[I]|Q18122778||||||||||||
Q70892602|en|CIIC 149|149||Ogam Stone CIIC 149||de|CIIC 149|Ogam Stein CIIC 149||||||||||52.1761111,-10.386111111111111|Q85394310|Q27|Q184469||||MQQI-QETTI MAQQI CUNITTI|||||||||||||
Q70892604|en|CIIC 150|150||Ogam Stone CIIC 150||de|CIIC 150|Ogam Stein CIIC 150||||||||||52.1761111,-10.386111111111111|Q85394310|Q27|Q184469||||GRAVICAS MAQI MUCOI DOVVINIAS|||||||||||||
Q70892606|en|CIIC 151|151||Ogam Stone CIIC 151||de|CIIC 151|Ogam Stein CIIC 151||||||||||52.1761111,-10.386111111111111|Q85394310|Q27|Q184469||||BROINIOAS|||||||||||||
Q70892609|en|CIIC 152|152||Ogam Stone CIIC 152||de|CIIC 152|Ogam Stein CIIC 152||||||||||52.1761111,-10.386111111111111|Q85394310|Q27|Q184469||||LUBBAIS MAQQI DUN....S|Q18122778||||||||||||
Q70892611|en|CIIC 153|153||Ogam Stone CIIC 153||de|CIIC 153|Ogam Stein CIIC 153||||||||||52.1761111,-10.386111111111111|Q85394310|Q27|Q184469||||CCUCAMINI MAQQI CATTINI|Q18122778|Q68000462|Q18122778|Q70256237|||||||||
Q85409935|en|CIIC 154|154||Ogam Stone CIIC 154||de|CIIC 154|Ogam Stein CIIC 154|||Q13085|Q69379601|Q70256237|||||52.1761111,-10.386111111111111|Q85394310|Q27|Q184469|172.72|50.8|17.78|CUNAMAQQI CORBBI MAQQ[I MUCCOI DOVVINIA]S|Q18122778||||||||||||Q56557591
Q70892616|en|CIIC 155|155||Ogam Stone CIIC 155||de|CIIC 155|Ogam Stein CIIC 155||||||||||52.1725,-10.031111111111112|Q85393964|Q27|Q184469||||AKEVRITTI|||||||||||||
Q70892620|en|CIIC 156|156||Ogam Stone CIIC 156||de|CIIC 156|Ogam Stein CIIC 156||||||||||52.1725,-10.031111111111112|Q85393964|Q27|Q184469||||MAQQI-IARI KOI MAQQI MUCCOI DOVVINIAS|||||||||||||
Q70892623|en|CIIC 157|157||Ogam Stone CIIC 157||de|CIIC 157|Ogam Stein CIIC 157||||||||||52.1725,-10.031111111111112|Q85393964|Q27|Q184469||||DOVETI MAQQi CATTINI|||||||||||||
Q70892626|en|CIIC 158|158||Ogam Stone CIIC 158||de|CIIC 158|Ogam Stein CIIC 158||||||||||52.1725,-10.031111111111112|Q85393964|Q27|Q184469||||SUVALLOS MAQQI DUCOVAROS|||||||||||||
Q70892629|en|CIIC 159|159||Ogam Stone CIIC 159||de|CIIC 159|Ogam Stein CIIC 159||||||||||52.1725,-10.031111111111112|Q85393964|Q27|Q184469||||MAQI - DECCEDA MAQI GLASICONAS|||||||||||||
Q70892630|en|CIIC 160|160||Ogam Stone CIIC 160||de|CIIC 160|Ogam Stein CIIC 160||||||||||52.1725,-10.031111111111112|Q85393964|Q27|Q184469||||TRIA MAQA MAILAGNI CURCITTI|||||||||||||
Q70892632|en|CIIC 161|161||Ogam Stone CIIC 161||de|CIIC 161|Ogam Stein CIIC 161||||||||||52.1725,-10.031111111111112|Q85393964|Q27|Q184469||||INISSIONAS|||||||||||||
Q70892635|en|CIIC 162|162||Ogam Stone CIIC 162||de|CIIC 162|Ogam Stein CIIC 162||||||||||52.1725,-10.031111111111112|Q85393964|Q27|Q184469||||CUNAMAQQI AVI CORBBI|||||||||||||
Q70892636|en|CIIC 163|163||Ogam Stone CIIC 163||de|CIIC 163|Ogam Stein CIIC 163||||||||||52.1725,-10.031111111111112|Q85393964|Q27|Q184469||||NETTA-LAMINACCA KOI MAQQI MUCOI DOVIN[IA]S|Q18122778||||||||||||
Q70892643|en|CIIC 164|164||Ogam Stone CIIC 164||de|CIIC 164|Ogam Stein CIIC 164||||||||||52.1552778,-10.03138888888889|Q85395620|Q27|Q184469||||VOENACUNAS M....|Q18122778||||||||||||
Q70892646|en|CIIC 165|165||Ogam Stone CIIC 165||de|CIIC 165|Ogam Stein CIIC 165||||||||||52.1552778,-10.03138888888889|Q85395620|Q27|Q184469||||[D]DROGNO|Q18122778||||||||||||
Q70892648|en|CIIC 166|166||Ogam Stone CIIC 166||de|CIIC 166|Ogam Stein CIIC 166||||||||||52.1869444,-10.159444444444444|Q85395552|Q27|Q184469||||COIMAGNI MAQI VITALIN|||||||||||||
Q70892652|en|CIIC 167|167||Ogam Stone CIIC 167||de|CIIC 167|Ogam Stein CIIC 167||||||||||52.1658333,-10.0375|Q85395515|Q27|Q184469||||.. [MAQ]I DROGNO MU[COI] ...|Q18122778||||||||||||
Q70892653|en|CIIC 168|168||Ogam Stone CIIC 168||de|CIIC 168|Ogam Stein CIIC 168||||||||||52.1658333,-10.0375|Q85395515|Q27|Q184469||||IRCCITOS|||||||||||||
Q70892655|en|CIIC 169|169||Ogam Stone CIIC 169||de|CIIC 169|Ogam Stein CIIC 169||||||||||52.1605556,-10.323333333333332|Q85395517|Q27|Q184469||||MAQI - LIAG MAQI ERCA|||||||||||||
Q70892659|en|CIIC 170|170||Ogam Stone CIIC 170||de|CIIC 170|Ogam Stein CIIC 170||||||||||52.1513889,-10.3275|Q85395592|Q27|Q184469||||QENILOCI MAQI MAQI - AINIA MUC[---|Q18122778||||||||||||
Q70892660|en|CIIC 171|171||Ogam Stone CIIC 171||de|CIIC 171|Ogam Stein CIIC 171||||||||||52.1875,-10.029722222222222|Q85395518|Q27|Q184469||||DUGENNGG[I] MAQI RODDOS|Q18122778||||||||||||
Q70892662|en|CIIC 172|172||Ogam Stone CIIC 172||de|CIIC 172|Ogam Stein CIIC 172||||||||||52.1558333,-10.400833333333333|Q85395519|Q27|Q184469||||TOGITTACC MAQI SAGARETTOS|||||||||||||
Q70892669|en|CIIC 173|173||Ogam Stone CIIC 173||de|CIIC 173|Ogam Stein CIIC 173||||||||||52.1469444,-10.036388888888888|Q85395554|Q27|Q184469||||[MAQ]QI MUCC[OI]|Q18122778||||||||||||
Q70892670|en|CIIC 174|174||Ogam Stone CIIC 174||de|CIIC 174|Ogam Stein CIIC 174||||||||||52.1869444,-10.159444444444444|Q85395555|Q27|Q184469||||n/a|||||||||||||
Q70892674|en|CIIC 175|175||Ogam Stone CIIC 175||de|CIIC 175|Ogam Stein CIIC 175||||||||||52.1258333,-10.306944444444445|Q85395594|Q27|Q184469||||MAQQI-ERCCIAS MAQQI MUCOI DOVINIA|||||||||||||
Q70892676|en|CIIC 176|176||Ogam Stone CIIC 176||de|CIIC 176|Ogam Stein CIIC 176||||||||||52.215,-9.910277777777779|Q85395556|Q27|Q184469||||CONUNETT MOQI CONURI.|Q18122778|Q67999759|Q18122778|Q70256237|||||||||
Q70892679|en|CIIC 177|177||Ogam Stone CIIC 177||de|CIIC 177|Ogam Stein CIIC 177||||||||||52.215,-9.910277777777779|Q85395556|Q27|Q184469||||CCILARI AV[I].....COI VAG....|Q18122778|Q67999759|Q18122778|Q70256237|||||||||
Q70892682|en|CIIC 178|178||Ogam Stone CIIC 178||de|CIIC 178|Ogam Stein CIIC 178||||||||||52.1119444,-10.458333333333332|Q85395557|Q27|Q184469||||ERC MAQI MAQI-ERCIAS MU DOVINIA|||||||||||||
Q70892683|en|CIIC 179|179||Ogam Stone CIIC 179||de|CIIC 179|Ogam Stein CIIC 179||||||||||52.14,-10.270000000000001|Q85395597|Q27|Q184469||||......ETORIGAS|Q18122778||||||||||||
Q70892686|en|CIIC 180|180||Ogam Stone CIIC 180||de|CIIC 180|Ogam Stein CIIC 180||||||||||52.1330556,-10.228055555555555|Q85395559|Q27|Q184469||||BRUSCCOS MAQQI CALIACI[AS] M[AQQI MUCOI...|Q18122778||||||||||||
Q70892689|en|CIIC 181|181||Ogam Stone CIIC 181||de|CIIC 181|Ogam Stein CIIC 181||||||||||52.1352778,-10.270555555555557|Q85395521|Q27|Q184469||||TALAGNI MAQ....|Q18122778||||||||||||
Q70892693|en|CIIC 182|182||Ogam Stone CIIC 182||de|CIIC 182|Ogam Stein CIIC 182||||||||||52.1869444,-10.159444444444444|Q85395522|Q27|Q184469||||GANICCA|||||||||||||
Q70892695|en|CIIC 183|183||Ogam Stone CIIC 183||de|CIIC 183|Ogam Stein CIIC 183||||||||||52.1033333,-10.437222222222223|Q85395523|Q27|Q184469||||n/a|||||||||||||
Q70892699|en|CIIC 184|184||Ogam Stone CIIC 184||de|CIIC 184|Ogam Stein CIIC 184||||||||||52.1408333,-10.126666666666667|Q85395524|Q27|Q184469||||MAQQI-DECEDDA MAQQI CATUVIQ[QA]|Q18122778||||||||||||
Q70892701|en|CIIC 185|185||Ogam Stone CIIC 185||de|CIIC 185|Ogam Stein CIIC 185||||||||||52.0444444,-10.607777777777777|Q85395526|Q27|Q184469||||[CO?]BB[A?] AVI VLATIAMI MAQ...|Q18122778||||||||||||
Q70892704|en|CIIC 186|186||Ogam Stone CIIC 186||de|CIIC 186|Ogam Stein CIIC 186||||||||||52.1533333,-10.300555555555556|Q85395599|Q27|Q184469||||EQODDI SCI FINTEN|||||||||||||
Q70892706|en|CIIC 187|187||Ogam Stone CIIC 187||de|CIIC 187|Ogam Stein CIIC 187||||||||||52.1883333,-10.333055555555555|Q85395528|Q27|Q184469||||ANM MAILE-INBIR MACI BROCANN|||||||||||||
Q70892708|en|CIIC 188|188||Ogam Stone CIIC 188||de|CIIC 188|Ogam Stein CIIC 188||||||||||52.1205556,-10.194444444444445|Q85395530|Q27|Q184469||||MARIANI|||||||||||||
Q70892711|en|CIIC 189|189||Ogam Stone CIIC 189||de|CIIC 189|Ogam Stein CIIC 189||||||||||52.1205556,-10.194444444444445|Q85395530|Q27|Q184469||||SAŊTI LLOTETI AVI SRUSA.|||||||||||||
Q70892714|en|CIIC 190|190||Ogam Stone CIIC 190||de|CIIC 190|Ogam Stein CIIC 190||||||||||52.1358333,-10.124722222222223|Q85395562|Q27|Q184469||||GOSSUCTTIAS|||||||||||||
Q70892719|en|CIIC 191|191||Ogam Stone CIIC 191||de|CIIC 191|Ogam Stein CIIC 191||||||||||52.1358333,-10.124722222222223|Q85395562|Q27|Q184469||||GAMICUNAS|||||||||||||
Q70892722|en|CIIC 192|192||Ogam Stone CIIC 192||de|CIIC 192|Ogam Stein CIIC 192||||||||||52.2519444,-10.023333333333333|Q85395622|Q27|Q184469||||QENILOCGNI MAQI D...|Q18122778|Q67999759|Q18122778|Q70256237|||||||||
Q70892725|en|CIIC 193|193||Ogam Stone CIIC 193||de|CIIC 193|Ogam Stein CIIC 193||||||||||52.1447222,-10.359444444444444|Q85395564|Q27|Q184469||||ANM COLMAN AILITHIR|||||||||||||
Q70892726|en|CIIC 194|194||Ogam Stone CIIC 194||de|CIIC 194|Ogam Stein CIIC 194||||||||||52.1677778,-10.024444444444445|Q85395627|Q27|Q184469||||SIDANI MAQI DALO|||||||||||||
Q85409967|en|CIIC 194a|194a||Ogam Stone CIIC 194a||de|CIIC 194a|Ogam Stein CIIC 194a||||||||||52.1677778,-10.024444444444445|Q85395627|Q27|Q184469||||LLONNOCC MAQQ[...|Q18122778||||||||||||
Q70892731|en|CIIC 195|195||Ogam Stone CIIC 195||de|CIIC 195|Ogam Stein CIIC 195||||||||||52.1725,-9.990555555555554|Q85395567|Q27|Q184469||||CURCI MAQI MUCOI V[...|Q18122778||||||||||||
Q70892732|en|CIIC 196|196||Ogam Stone CIIC 196||de|CIIC 196|Ogam Stein CIIC 196||||||||||52.1725,-9.990555555555554|Q85395567|Q27|Q184469||||ERCAVICCAS MAQI CO[...|||||||||||||
Q70892734|en|CIIC 197|197||Ogam Stone CIIC 197||de|CIIC 197|Ogam Stein CIIC 197||||||||||52.0611111,-9.642777777777777|Q69379704|Q27|Q184469||||DEGOS MAQI MOCOI TOICAKI|||||||||||||
Q70892738|en|CIIC 198|198||Ogam Stone CIIC 198||de|CIIC 198|Ogam Stein CIIC 198||||||||||52.0611111,-9.642777777777777|Q69379704|Q27|Q184469||||MAQI-RITEAS MAQI MAQI-DDUMILEAS MUCOI TOICACI|||||||||||||
Q70892739|en|CIIC 199|199||Ogam Stone CIIC 199||de|CIIC 199|Ogam Stein CIIC 199||||||||||52.0611111,-9.642777777777777|Q69379704|Q27|Q184469||||CUNACENA|||||||||||||
Q70892745|en|CIIC 200|200||Ogam Stone CIIC 200||de|CIIC 200|Ogam Stein CIIC 200||||||||||52.0611111,-9.642777777777777|Q69379704|Q27|Q184469||||MAQI-TTAL MAQI VORGOS MAQI MUCOI TOICAC|||||||||||||
Q70892748|en|CIIC 201|201||Ogam Stone CIIC 201||de|CIIC 201|Ogam Stein CIIC 201||||||||||52.0611111,-9.642777777777777|Q69379704|Q27|Q184469||||MC[ ]GE [ ]M [..] Q[ ] ..[ ]D [ ]E|Q18122778||||||||||||
Q70892750|en|CIIC 202|202||Ogam Stone CIIC 202||de|CIIC 202|Ogam Stein CIIC 202||||||||||52.0611111,-9.642777777777777|Q69379704|Q27|Q184469||||NIOTTVRECC MAQI [....]GNI|Q18122778||||||||||||
Q67978531|en|CIIC 203|203||Ogam Stone CIIC 203||de|CIIC 203|Ogam Stein CIIC 203|||Q13085|Q69379810|Q70256237|||||52.0611111,-9.642777777777777|Q69379704|Q27|Q184469|81.28|25.4|6.99|MAQI-DECEDA MAQ̣[...|Q18122778||||||||||||Q56557159
Q70892754|en|CIIC 204|204||Ogam Stone CIIC 204||de|CIIC 204|Ogam Stein CIIC 204||||||||||52.2086111,-9.621666666666668|Q85395570|Q27|Q184469||||ANM MAGANN MAQI NUADAT|||||||||||||
Q70892756|en|CIIC 205|205||Ogam Stone CIIC 205||de|CIIC 205|Ogam Stein CIIC 205||||||||||51.9744444,-9.665000000000001|Q85395535|Q27|Q184469||||S[M]....BNAG MA[Q?]QI ERCIA|Q18122778||||||||||||
Q70892757|en|CIIC 206|206||Ogam Stone CIIC 206||de|CIIC 206|Ogam Stein CIIC 206||||||||||52.0719444,-9.747222222222222|Q85395537|Q27|Q184469||||ANM VIRR[...]ANNI TIGIRN CEDATTOQA MAQI VEDELMET[T]|Q18122778||||||||||||
Q70892761|en|CIIC 207|207||Ogam Stone CIIC 207||de|CIIC 207|Ogam Stein CIIC 207||||||||||52.0719444,-9.747222222222222|Q85395537|Q27|Q184469||||....]ECC MAQI L[UGUQ]RRIT|Q18122778||||||||||||
Q70892763|en|CIIC 208|208||Ogam Stone CIIC 208||de|CIIC 208|Ogam Stein CIIC 208||||||||||52.0719444,-9.747222222222222|Q85395537|Q27|Q184469||||UMALL|||||||||||||
Q70892767|en|CIIC 209|209||Ogam Stone CIIC 209||de|CIIC 209|Ogam Stein CIIC 209||||||||||52.0719444,-9.747222222222222|Q85395537|Q27|Q184469||||...]GGO MAQI AGILL[....|Q18122778||||||||||||
Q70892772|en|CIIC 210|210||Ogam Stone CIIC 210||de|CIIC 210|Ogam Stein CIIC 210||||||||||52.0719444,-9.747222222222222|Q85395537|Q27|Q184469||||DUBE[B?]|Q18122778||||||||||||
Q70892774|en|CIIC 211|211||Ogam Stone CIIC 211||de|CIIC 211|Ogam Stein CIIC 211||||||||||52.0719444,-9.747222222222222|Q85395537|Q27|Q184469||||RITTUVVECC MAQI VEDDONOS|Q18122778||||||||||||
Q70892778|en|CIIC 212|212||Ogam Stone CIIC 212||de|CIIC 212|Ogam Stein CIIC 212||||||||||52.0719444,-9.747222222222222|Q85395537|Q27|Q184469||||n/a|||||||||||||
Q70892780|en|CIIC 213|213||Ogam Stone CIIC 213||de|CIIC 213|Ogam Stein CIIC 213||||||||||52.0719444,-9.747222222222222|Q85395537|Q27|Q184469||||URG|||||||||||||
Q70892784|en|CIIC 214|214||Ogam Stone CIIC 214||de|CIIC 214|Ogam Stein CIIC 214||||||||||52.0680556,-9.71888888888889|Q85395538|Q27|Q184469||||ANNVENI TEGG[....|Q18122778||||||||||||
Q70892785|en|CIIC 215|215||Ogam Stone CIIC 215||de|CIIC 215|Ogam Stein CIIC 215||||||||||52.0805556,-9.703055555555554|Q85395539|Q27|Q184469||||ALATTO CELI BATTIGNI|||||||||||||
Q70892787|en|CIIC 216|216||Ogam Stone CIIC 216||de|CIIC 216|Ogam Stein CIIC 216||||||||||52.0805556,-9.703055555555554|Q85395539|Q27|Q184469||||GOSOCTEAS MOSAC MAKINI|||||||||||||
Q70892791|en|CIIC 217|217||Ogam Stone CIIC 217||de|CIIC 217|Ogam Stein CIIC 217||||||||||52.0805556,-9.703055555555554|Q85395539|Q27|Q184469||||NOCATI MAQI MAQI-REC [....] MAQI MUCOI UDDAMI|Q18122778||||||||||||
Q70892792|en|CIIC 218|218||Ogam Stone CIIC 218||de|CIIC 218|Ogam Stein CIIC 218||||||||||52.0805556,-9.703055555555554|Q85395539|Q27|Q184469||||L[A]G[O]BB[... MUCO - TUCACAC|Q18122778||||||||||||
Q85411181|en|CIIC 218a|218a||Ogam Stone CIIC 218a||de|CIIC 218a|Ogam Stein CIIC 218a||||||||||52.0805556,-9.703055555555554|Q85395539|Q27|Q184469||||n/a|||||||||||||
Q70892797|en|CIIC 219|219||Ogam Stone CIIC 219||de|CIIC 219|Ogam Stein CIIC 219||||||||||51.91,-9.746666666666666|Q85395602|Q27|Q184469||||ANM CRUNAN MAQ LUQIN|Q18122778||||||||||||
Q70892799|en|CIIC 220|220||Ogam Stone CIIC 220||de|CIIC 220|Ogam Stein CIIC 220||||||||||51.7730556,-10.122222222222224|Q85395573|Q27|Q184469||||ANM LLATIGNI MAQ M[I]N[E]RC M[UCOI] Q[...]CI|Q18122778||||||||||||
Q70892801|en|CIIC 221|221||Ogam Stone CIIC 221||de|CIIC 221|Ogam Stein CIIC 221||||||||||51.8811111,-9.786666666666667|Q85395540|Q27|Q184469||||CATVVIRR MAQI LUGUVVEC|||||||||||||
Q70892805|en|CIIC 222|222||Ogam Stone CIIC 222||de|CIIC 222|Ogam Stein CIIC 222||||||||||51.8586111,-9.875|Q85395541|Q27|Q184469||||.....]NEGGNI|Q18122778||||||||||||
Q70892807|en|CIIC 223|223||Ogam Stone CIIC 223||de|CIIC 223|Ogam Stein CIIC 223||||||||||51.8586111,-9.875|Q85395605|Q27|Q184469||||ANM VINNAGITLET...|Q18122778||||||||||||
Q70892808|en|CIIC 224|224||Ogam Stone CIIC 224||de|CIIC 224|Ogam Stein CIIC 224||||||||||51.8852778,-9.525833333333335|Q85395543|Q27|Q184469||||MOŊUNILOCID MAQI ALOTTO|||||||||||||
Q70892810|en|CIIC 225|225||Ogam Stone CIIC 225||de|CIIC 225|Ogam Stein CIIC 225||||||||||51.8475,-9.551666666666668|Q85395607|Q27|Q184469||||NOARRA MAQI VORUDRAN|||||||||||||
Q70892813|en|CIIC 226|226||Ogam Stone CIIC 226||de|CIIC 226|Ogam Stein CIIC 226||||||||||51.8394444,-9.389166666666666|Q85395624|Q27|Q184469||||ORIBRASSIA|||||||||||||
Q70892814|en|CIIC 227|227||Ogam Stone CIIC 227||de|CIIC 227|Ogam Stein CIIC 227||||||||||51.8833333,-9.413611111111111|Q85395546|Q27|Q184469||||OTTINN MAQI VECR[EC]|Q18122778||||||||||||
Q70892818|en|CIIC 228|228||Ogam Stone CIIC 228||de|CIIC 228|Ogam Stein CIIC 228||||||||||52.5666667,-9.421388888888888|Q85395548|Q27|Q184469||||MAQI BROCI|||||||||||||
Q70892821|en|CIIC 229|229||Ogam Stone CIIC 229||de|CIIC 229|Ogam Stein CIIC 229||||||||||51.9211111,-10.166666666666666|Q85395576|Q27|Q184469||||ANM CALUMANN MAQ[...|Q18122778||||||||||||
Q70892823|en|CIIC 230|230||Ogam Stone CIIC 230||de|CIIC 230|Ogam Stein CIIC 230||||||||||51.8941667,-10.176944444444445|Q85395549|Q27|Q184469||||D[...]A[.C?.] AVI DALAGNI [MAQI C...?] EQQEGGNI MAQI MAQI-CARATTINN|Q18122778||||||||||||
Q70892827|en|CIIC 231|231||Ogam Stone CIIC 231||de|CIIC 231|Ogam Stein CIIC 231||||||||||51.9122222,-10.365555555555556|Q85395579|Q27|Q184469||||LOGITTI MAQI ERPENN|||||||||||||
Q70892828|en|CIIC 232|232||Ogam Stone CIIC 232||de|CIIC 232|Ogam Stein CIIC 232||||||||||51.9122222,-10.365555555555556|Q85395579|Q27|Q184469||||....]ERRLONNA MAQI R[U]T[E]N[I]|Q18122778||||||||||||
Q70892829|en|CIIC 233|233||Ogam Stone CIIC 233||de|CIIC 233|Ogam Stein CIIC 233||||||||||51.8480556,-10.11361111111111|Q85395550|Q27|Q184469||||TIDONN[A] MAQ DOMNGINN|Q18122778||||||||||||
Q70892834|en|CIIC 234|234||Ogam Stone CIIC 234||de|CIIC 234|Ogam Stein CIIC 234||||||||||52.0311111,-10.029166666666667|Q85395582|Q27|Q184469||||MAQI R[.....|Q18122778||||||||||||
Q70892835|en|CIIC 235|235||Ogam Stone CIIC 235||de|CIIC 235|Ogam Stein CIIC 235||||||||||51.9133333,-10.175833333333333|Q85395618|Q27|Q184469||||ANM MOLEGOMRID MACI VECUMEN|||||||||||||
Q70892837|en|CIIC 236|236||Ogam Stone CIIC 236||de|CIIC 236|Ogam Stein CIIC 236||||||||||51.8433333,-10.301944444444445|Q85395551|Q27|Q184469||||...]OTANI M[A]QI LOSAGNI|Q18122778||||||||||||
Q70892842|en|CIIC 237|237||Ogam Stone CIIC 237||de|CIIC 237|Ogam Stein CIIC 237||||||||||51.8433333,-10.301944444444445|Q85395551|Q27|Q184469||||n/a|||||||||||||
Q70892844|en|CIIC 238|238||Ogam Stone CIIC 238||de|CIIC 238|Ogam Stein CIIC 238||||||||||51.9233333,-10.220833333333333|Q85395585|Q27|Q184469||||......]QNETN[.....|Q18122778||||||||||||
Q70892846|en|CIIC 239|239||Ogam Stone CIIC 239||de|CIIC 239|Ogam Stein CIIC 239||||||||||52.0136111,-10.025277777777779|Q85396891|Q27|Q184469||||ANM GATTEGLAN|||||||||||||
Q70892848|en|CIIC 240|240||Ogam Stone CIIC 240||de|CIIC 240|Ogam Stein CIIC 240||||||||||51.9708333,-10.05888888888889|Q85396810|Q27|Q184469||||MOCURRUTI MAQI VLISACESUCMIR|||||||||||||
Q70892851|en|CIIC 241|241||Ogam Stone CIIC 241||de|CIIC 241|Ogam Stein CIIC 241||||||||||52.0861111,-9.67361111111111|Q85396894|Q27|Q184469||||B[AID]AGNI MAQI ADDILONA NAGUNI MUCO BAIDANI NIR***MN[I]DAGNIESSICONIDDALA AMIT BAIDAGNI|Q18122778||||||||||||
Q70892852|en|CIIC 242|242||Ogam Stone CIIC 242||de|CIIC 242|Ogam Stein CIIC 242||||||||||52.0777778,-9.558333333333334|Q85396972|Q27|Q184469||||BRRUANANN|||||||||||||
Q85411211|en|CIIC 242a|242a||Ogam Stone CIIC 242a||de|CIIC 242a|Ogam Stein CIIC 242a||||||||||52.0777778,-9.558333333333334|Q85396972|Q27|Q184469||||n/a|||||||||||||
Q70892854|en|CIIC 243|243||Ogam Stone CIIC 243||de|CIIC 243|Ogam Stein CIIC 243||||||||||52.1288889,-9.631666666666668|Q85396812|Q27|Q184469||||MAQI-RITTE MAQI COLABOT MAQI MOCO QERAI|||||||||||||
Q70892857|en|CIIC 244|244||Ogam Stone CIIC 244||de|CIIC 244|Ogam Stein CIIC 244||||||||||52.1288889,-9.631666666666668|Q85396812|Q27|Q184469||||COILLABBOTAS MAQI CORBBI MAQI MOCOI QERAI|||||||||||||
Q70892859|en|CIIC 245|245||Ogam Stone CIIC 245||de|CIIC 245|Ogam Stein CIIC 245||||||||||52.1288889,-9.631666666666668|Q85396812|Q27|Q184469||||VŊGOLAM|||||||||||||
Q70892864|en|CIIC 246|246||Ogam Stone CIIC 246||de|CIIC 246|Ogam Stein CIIC 246||||||||||52.1288889,-9.631666666666668|Q85396812|Q27|Q184469||||CORBAGNI MAQI BIVITI|||||||||||||
Q85410004|en|CIIC 246a|246a||Ogam Stone CIIC 246a||de|CIIC 246a|Ogam Stein CIIC 246a||||||||||52.1655556,-9.73361111111111|Q85396815|Q27|Q184469||||...]V MAQI[...|Q18122778||||||||||||
Q85410013|en|CIIC 246b|246b||Ogam Stone CIIC 246b||de|CIIC 246b|Ogam Stein CIIC 246b||||||||||52.1655556,-9.73361111111111|Q85396815|Q27|Q184469||||[LMCBDV]|Q18122778||||||||||||
Q70892869|en|CIIC 247|247||Ogam Stone CIIC 247||de|CIIC 247|Ogam Stein CIIC 247||||||||||52.1477780,-9.6627780|Q85396974|Q27|Q184469||||COVTET|||||||||||||
Q70892870|en|CIIC 248|248||Ogam Stone CIIC 248||de|CIIC 248|Ogam Stein CIIC 248||||||||||52.1425,-9.43888888888889|Q85396897|Q27|Q184469||||...QET[IA?]S M[A?]Q TRENIL[U?...]|Q18122778||||||||||||
Q70892873|en|CIIC 249|249||Ogam Stone CIIC 249||de|CIIC 249|Ogam Stein CIIC 249||||||||||52.1619444,-9.687777777777779|Q85396931|Q27|Q184469||||UN[...]CC|Q18122778||||||||||||
Q70892889|en|CIIC 250|250||Ogam Stone CIIC 250||de|CIIC 250|Ogam Stein CIIC 250||||||||||52.1658333,-9.771944444444445|Q85396820|Q27|Q184469||||CATTUVVIRR MAQI RITUVVECAS MUCOI ALLATO|||||||||||||
Q70892894|en|CIIC 251|251||Ogam Stone CIIC 251||de|CIIC 251|Ogam Stein CIIC 251||||||||||52.1916667,-9.5325|Q85396823|Q27|Q184469||||VELITAS LUGUTTI|||||||||||||
Q70892895|en|CIIC 252|252||Ogam Stone CIIC 252||de|CIIC 252|Ogam Stein CIIC 252||||||||||52.2266667,-9.581944444444444|Q85396933|Q27|Q184469||||DUMELI MAQI GLASICONAS NIOTTA COBRANOR[IGAS]|Q18122778||||||||||||
Q70892897|en|CIIC 253|253||Ogam Stone CIIC 253||de|CIIC 253|Ogam Stein CIIC 253||||||||||52.2336111,-9.540833333333333|Q85396826|Q27|Q184469||||GALEOTOS|||||||||||||
Q70892906|en|CIIC 254|254||Ogam Stone CIIC 254||de|CIIC 254|Ogam Stein CIIC 254||||||||||52.2336111,-9.540833333333333|Q85396936|Q27|Q184469||||MAQI RECTA|||||||||||||
Q70892907|en|CIIC 255|255||Ogam Stone CIIC 255||de|CIIC 255|Ogam Stein CIIC 255||||||||||52.1247222,-9.7575|Q85396900|Q27|Q184469||||ANM VURUDDRANN MAQ[I] DOLIGENN CI[...]LA MAQ[Q?]I [..]BAGNI|Q18122778||||||||||||
Q70892910|en|CIIC 256|256||Ogam Stone CIIC 256||de|CIIC 256|Ogam Stein CIIC 256||||||||||52.1247222,-9.7575|Q85396900|Q27|Q184469||||ANM TEGANN MAAC DEGLANN|||||||||||||
Q85410047|en|CIIC 256a|256a||Ogam Stone CIIC 256a||de|CIIC 256a|Ogam Stein CIIC 256a||||||||||52.2680556,-9.710277777777778|Q85396830|Q27|Q184469||||BASIŊB ---|Q18122778||||||||||||
Q70892912|en|CIIC 257|257||Ogam Stone CIIC 257||de|CIIC 257|Ogam Stein CIIC 257||||||||||52.4575,-8.823888888888888|Q85396834|Q27|Q184469||||D[A]Q[U]MA MAQI RAGAVVECC|Q18122778||||||||||||
Q70892914|en|CIIC 258|258||Ogam Stone CIIC 258||de|CIIC 258|Ogam Stein CIIC 258||||||||||52.3819444,-8.377222222222223|Q85396837|Q27|Q178283||||MAILAGNI MAQI GAMATI|||||||||||||
Q70892917|en|CIIC 259|259||Ogam Stone CIIC 259||de|CIIC 259|Ogam Stein CIIC 259||||||||||52.3286111,-8.562777777777779|Q85396939|Q27|Q178283||||IVAGENI MAQI LAISCEMITA|||||||||||||
Q70892919|en|CIIC 260|260||Ogam Stone CIIC 260||de|CIIC 260|Ogam Stein CIIC 260||||||||||52.2758333,-8.105277777777777|Q85396941|Q27|Q178283||||n/a|||||||||||||
Q70892920|en|CIIC 261|261||Ogam Stone CIIC 261||de|CIIC 261|Ogam Stein CIIC 261||||||||||52.2216667,-7.758055555555556|Q85396903|Q27|Q184618||||NETACUNAS MAQI LOBAC[CONA]|Q18122778||||||||||||
Q70885701|en|CIIC 262|262|12|Ogam Stone CIIC 262|Ogam Stone 12 (Stone Corridor at UCC)|de|CIIC 262|Ogam Stein CIIC 262|Ogham Stein 12 (Stein Corridor at UCC)|||||||||52.1994444,-7.998888888888889|Q85396840|Q27|Q184618||||ERCAGNI MAQI ERCIAS|||||||||||||
Q70892923|en|CIIC 263|263||Ogam Stone CIIC 263||de|CIIC 263|Ogam Stein CIIC 263||||||||||51.9441667, -7.729166666666667|Q85396905|Q27|Q184594||||LUGUDECCAS MAQI [....MU]COI NETA-SEGAMONAS DOLATI BIGA-ISGOB[...|Q18122778||||||||||||
Q70892924|en|CIIC 264|264||Ogam Stone CIIC 264||de|CIIC 264|Ogam Stein CIIC 264||||||||||51.9441667, -7.729166666666667|Q85396905|Q27|Q184594||||....] NACI MAQI [...|Q18122778||||||||||||
Q70892930|en|CIIC 265|265||Ogam Stone CIIC 265||de|CIIC 265|Ogam Stein CIIC 265||||||||||51.9441667, -7.729166666666667|Q85396905|Q27|Q184594||||AMADU|Q18122778||||||||||||
Q70892932|en|CIIC 266|266||Ogam Stone CIIC 266||de|CIIC 266|Ogam Stein CIIC 266||||||||||52.0644444,-7.848888888888888|Q85396907|Q27|Q184594||||COLLABOT MUCOI LUGA MAQI LOBACCONA|||||||||||||
Q70892933|en|CIIC 267|267||Ogam Stone CIIC 267||de|CIIC 267|Ogam Stein CIIC 267||||||||||52.0644444,-7.848888888888888|Q85396907|Q27|Q184594||||MEDUSI MACI LU MUCOI LUGA|||||||||||||
Q70892935|en|CIIC 268|268||Ogam Stone CIIC 268||de|CIIC 268|Ogam Stein CIIC 268||||||||||52.0644444,-7.848888888888888|Q85396907|Q27|Q184594||||CATTUVIR|||||||||||||
Q70892937|en|CIIC 269|269||Ogam Stone CIIC 269||de|CIIC 269|Ogam Stein CIIC 269||||||||||51.9883333,-7.755833333333333|Q85396845|Q27|Q184594||||MAQI MUCOI IVODACCA.|||||||||||||
Q70892938|en|CIIC 270|270||Ogam Stone CIIC 270||de|CIIC 270|Ogam Stein CIIC 270||||||||||52.1333333,-7.439166666666667|Q85396847|Q27|Q184594||||QRIT[....] MAQ[I LO]BACONA AVI NEAGRACOLINEA|Q18122778||||||||||||
Q70892940|en|CIIC 271|271||Ogam Stone CIIC 271||de|CIIC 271|Ogam Stein CIIC 271||||||||||52.1333333,-7.439166666666667|Q85396847|Q27|Q184594||||NETAVROQI MAQI QIC[...|Q18122778||||||||||||
Q70892943|en|CIIC 272|272||Ogam Stone CIIC 272||de|CIIC 272|Ogam Stein CIIC 272||||||||||52.1630556,-7.468055555555556|Q85396849|Q27|Q184594||||MANU MAGUNO GATI MOCOI MACORBO|||||||||||||
Q70892944|en|CIIC 273|273||Ogam Stone CIIC 273||de|CIIC 273|Ogam Stein CIIC 273||||||||||52.1630556,-7.468055555555556|Q85396849|Q27|Q184594||||CALUNOVIC[A] MAQI MUCOI LIT[ENI].|Q18122778||||||||||||
Q70892950|en|CIIC 274|274||Ogam Stone CIIC 274||de|CIIC 274|Ogam Stein CIIC 274||||||||||52.1630556,-7.468055555555556|Q85396849|Q27|Q184594||||MAQI-INI[... MAQI QE]TTEAS.|Q18122778||||||||||||
Q70892951|en|CIIC 275|275||Ogam Stone CIIC 275||de|CIIC 275|Ogam Stein CIIC 275||||||||||52.1630556,-7.468055555555556|Q85396849|Q27|Q184594||||CUNALEGEA MAQI C[....]SALAR CELI AVI QVECI|Q18122778||||||||||||
Q70892952|en|CIIC 276|276||Ogam Stone CIIC 276||de|CIIC 276|Ogam Stein CIIC 276||||||||||52.1630556,-7.468055555555556|Q85396849|Q27|Q184594||||BIGU MAQI LAG[...|Q18122778||||||||||||
Q70892956|en|CIIC 277|277||Ogam Stone CIIC 277||de|CIIC 277|Ogam Stein CIIC 277||||||||||52.1630556,-7.468055555555556|Q85396849|Q27|Q184594||||BIR MAQI MUCOI ROTTAIS|||||||||||||
Q70892957|en|CIIC 278|278||Ogam Stone CIIC 278||de|CIIC 278|Ogam Stein CIIC 278||||||||||52.1630556,-7.468055555555556|Q85396849|Q27|Q184594||||....]MAQI NE[TACUN]AS|Q18122778||||||||||||
Q70892959|en|CIIC 279|279||Ogam Stone CIIC 279||de|CIIC 279|Ogam Stein CIIC 279||||||||||52.1630556,-7.468055555555556|Q85396849|Q27|Q184594||||DENAVEC[A MU]COI MEDALO.|Q18122778||||||||||||
Q70892962|en|CIIC 280|280||Ogam Stone CIIC 280||de|CIIC 280|Ogam Stein CIIC 280||||||||||52.1630556,-7.468055555555556|Q85396849|Q27|Q184594||||BRO[INION]AS|Q18122778||||||||||||
Q70892964|en|CIIC 281|281||Ogam Stone CIIC 281||de|CIIC 281|Ogam Stein CIIC 281||||||||||52.1630556,-7.468055555555556|Q85396849|Q27|Q184594||||DEAGOS MAQI MUCO[I......]NAI|Q18122778||||||||||||
Q70892966|en|CIIC 282|282||Ogam Stone CIIC 282||de|CIIC 282|Ogam Stein CIIC 282||||||||||52.1552778,-7.495|Q85396851|Q27|Q184594||||AVI DAIMAGNI|||||||||||||
Q70892968|en|CIIC 283|283||Ogam Stone CIIC 283||de|CIIC 283|Ogam Stein CIIC 283||||||||||52.1913889,-7.483333333333333|Q85396944|Q27|Q184594||||GOSOCTAS MUCOI MACORBO|||||||||||||
Q70892970|en|CIIC 284|284||Ogam Stone CIIC 284||de|CIIC 284|Ogam Stein CIIC 284||||||||||52.1913889,-7.483333333333333|Q85396944|Q27|Q184594||||MELAGIA|||||||||||||
Q70892972|en|CIIC 285|285||Ogam Stone CIIC 285||de|CIIC 285|Ogam Stein CIIC 285||||||||||52.1102778,-7.544722222222222|Q85396852|Q27|Q184594||||BIVODON MUCOI ATAR|||||||||||||
Q70892975|en|CIIC 286|286||Ogam Stone CIIC 286||de|CIIC 286|Ogam Stein CIIC 286||||||||||52.0905556,-7.549722222222222|Q85396854|Q27|Q184594||||[CU]NAMAQI LUGUDECA MUC[OI] CUNEA|Q18122778||||||||||||
Q70892978|en|CIIC 287|287||Ogam Stone CIIC 287||de|CIIC 287|Ogam Stein CIIC 287||||||||||52.0905556,-7.549722222222222|Q85396854|Q27|Q184594||||NISIGNI MAQI ER[......]I|Q18122778||||||||||||
Q70892979|en|CIIC 288|288||Ogam Stone CIIC 288||de|CIIC 288|Ogam Stein CIIC 288||||||||||52.0905556,-7.549722222222222|Q85396854|Q27|Q184594||||DEBRANI MAQI ELTI AVI OGATOS|||||||||||||
Q70892982|en|CIIC 289|289||Ogam Stone CIIC 289||de|CIIC 289|Ogam Stein CIIC 289||||||||||52.0905556,-7.549722222222222|Q85396854|Q27|Q184594||||...]VAGNI MUCOI CUNIA|Q18122778||||||||||||
Q70892984|en|CIIC 290|290||Ogam Stone CIIC 290||de|CIIC 290|Ogam Stein CIIC 290||||||||||52.0905556,-7.549722222222222|Q85396854|Q27|Q184594||||MAQI E[..|Q18122778||||||||||||
Q70892987|en|CIIC 291|291||Ogam Stone CIIC 291||de|CIIC 291|Ogam Stein CIIC 291||||||||||52.1025,-7.804444444444444|Q85396911|Q27|Q184594||||n/a|||||||||||||
Q70892992|en|CIIC 292|292||Ogam Stone CIIC 292||de|CIIC 292|Ogam Stein CIIC 292||||||||||52.1113889,-7.6|Q85396914|Q27|Q184594||||....]ER[A]T[I] M[U]C[OI] NETA-S[EGAM]ONAS|Q18122778||||||||||||
Q70892993|en|CIIC 293|293||Ogam Stone CIIC 293||de|CIIC 293|Ogam Stein CIIC 293||||||||||52.1113889,-7.6|Q85396914|Q27|Q184594||||...]RG[...]BRCEN[...|Q18122778||||||||||||
Q70892996|en|CIIC 294|294||Ogam Stone CIIC 294||de|CIIC 294|Ogam Stein CIIC 294||||||||||52.1113889,-7.6|Q85396914|Q27|Q184594||||CORB|||||||||||||
Q70892999|en|CIIC 295|295||Ogam Stone CIIC 295||de|CIIC 295|Ogam Stein CIIC 295||||||||||52.1113889,-7.6|Q85396914|Q27|Q184594||||Q[E]CC[IAS] M[U]C[OI B]R[O]E[NIONAS]|Q18122778||||||||||||
Q70893002|en|CIIC 296|296||Ogam Stone CIIC 296||de|CIIC 296|Ogam Stein CIIC 296||||||||||52.1113889,-7.6|Q85396914|Q27|Q184594||||...]CIR MAQI MUC[...|Q18122778||||||||||||
Q70893003|en|CIIC 297|297||Ogam Stone CIIC 297||de|CIIC 297|Ogam Stein CIIC 297||||||||||52.1113889,-7.6|Q85396914|Q27|Q184594||||VORTIGURN|||||||||||||
Q70893005|en|CIIC 298|298||Ogam Stone CIIC 298||de|CIIC 298|Ogam Stein CIIC 298||||||||||52.1113889,-7.6|Q85396914|Q27|Q184594||||VEDABAR M[A]Q[.....]LSM MOCOI ORD[....]REA.|Q18122778||||||||||||
Q70893008|en|CIIC 299|299||Ogam Stone CIIC 299||de|CIIC 299|Ogam Stein CIIC 299||||||||||52.1113889,-7.6|Q85396914|Q27|Q184594||||[MAQI?] MOŊEDIAS MAQI MUIBITI|Q18122778||||||||||||
Q70893010|en|CIIC 300|300||Ogam Stone CIIC 300||de|CIIC 300|Ogam Stein CIIC 300||||||||||52.1608333,-7.59|Q85396859|Q27|Q184594||||CUNNETAS MAQI GOC[OI] NETA-SEGAMONAS|Q18122778||||||||||||
Q70893016|en|CIIC 301|301||Ogam Stone CIIC 301||de|CIIC 301|Ogam Stein CIIC 301||||||||||52.2672222,-7.746944444444445|Q85396862|Q27|Q184594||||DOMOKI|||||||||||||
Q70893017|en|CIIC 302|302||Ogam Stone CIIC 302||de|CIIC 302|Ogam Stein CIIC 302||||||||||52.185,-7.226666666666667|Q85396997|Q27|Q184594||||CUMNI MAQI MUCOI VALUVI|||||||||||||
Q70893020|en|CIIC 303|303||Ogam Stone CIIC 303||de|CIIC 303|Ogam Stein CIIC 303||||||||||52.3111111,-7.385000000000001|Q85396916|Q27|Q184594||||CATABAR MOCO VIRICORB|||||||||||||
Q70893023|en|CIIC 304|304||Ogam Stone CIIC 304||de|CIIC 304|Ogam Stein CIIC 304||||||||||52.3305556,-7.391111111111112|Q85396978|Q27|Q184594||||VOCAGNI MAQI CUR(I)T|Q18122778||||||||||||
Q70893024|en|CIIC 305|305||Ogam Stone CIIC 305||de|CIIC 305|Ogam Stein CIIC 305||||||||||52.3241667,-7.379166666666666|Q85396866|Q27|Q184594||||n/a|||||||||||||
Q70893028|en|CIIC 306|306||Ogam Stone CIIC 306||de|CIIC 306|Ogam Stein CIIC 306||||||||||52.3263889,-7.511666666666667|Q85396870|Q27|Q184594||||LUGUDI MAQI L..D...QA MOCOI DONM(A)|Q18122778||||||||||||
Q70893030|en|CIIC 307|307||Ogam Stone CIIC 307||de|CIIC 307|Ogam Stein CIIC 307||||||||||52.3419444,-7.487777777777778|Q85396919|Q27|Q184594||||MODDAGN[I] MAQI GATTAGN[I] MUCOI LUGUNI|Q18122778||||||||||||
Q70893035|en|CIIC 308|308||Ogam Stone CIIC 308||de|CIIC 308|Ogam Stein CIIC 308||||||||||52.3419444,-7.487777777777778|Q85396919|Q27|Q184594||||n/a|||||||||||||
Q70893037|en|CIIC 309|309||Ogam Stone CIIC 309||de|CIIC 309|Ogam Stein CIIC 309||||||||||54.8030556,-6.183333333333334|Q85392806|Q27|Q184594||||TORAESCEUSAS MAQI MUCOI MEUTINI|||||||||||||
Q70893044|en|CIIC 310|310||Ogam Stone CIIC 310||de|CIIC 310|Ogam Stein CIIC 310||||||||||54.8030556,-6.183333333333334|Q85392806|Q27|Q184594||||CAGINADI MAQI VOBARACI|||||||||||||
Q70893046|en|CIIC 311|311||Ogam Stone CIIC 311||de|CIIC 311|Ogam Stein CIIC 311||||||||||54.3072222,-6.655277777777778|Q85392810|Q26|Q189592||||DINEGLO MAQI QETAIS|||||||||||||
Q70893047|en|CIIC 312|312||Ogam Stone CIIC 312||de|CIIC 312|Ogam Stein CIIC 312||||||||||53.805,-6.954444444444444|Q85392813|Q26|Q4792580||||OSBBAR|||||||||||||
Q70893050|en|CIIC 313|313||Ogam Stone CIIC 313||de|CIIC 313|Ogam Stein CIIC 313||||||||||53.7944444,-7.209444444444444|Q85392823|Q27|Q187402||||OVOMAN(I?)|Q18122778||||||||||||
Q70893052|en|CIIC 314|314||Ogam Stone CIIC 314||de|CIIC 314|Ogam Stein CIIC 314||||||||||54.6086111,-7.871111111111111|Q85392816|Q27|Q187402||||n/a|||||||||||||
Q70893056|en|CIIC 315|315||Ogam Stone CIIC 315||de|CIIC 315|Ogam Stein CIIC 315||||||||||54.3622222,-7.5175|Q85392831|Q27|Q179424||||NETTACU[NAS].|||||||||||||
Q70893058|en|CIIC 316|316||Ogam Stone CIIC 316||de|CIIC 316|Ogam Stein CIIC 316||||||||||55.1166667,-6.7444444444444445|Q85392833|Q26|Q190678||||BROCAGNI MAQI MU|||||||||||||
Q70893060|en|CIIC 317|317||Ogam Stone CIIC 317||de|CIIC 317|Ogam Stein CIIC 317||||||||||54.6994444,-7.047777777777777|Q85392826|Q26|Q192208||||DOTETTO MAQI MAGLANI|||||||||||||
