wikidataID|lang|label|description|alias|P31_is_a|P17_state|P131_provinz|P131_county|P131_barony|P131_civilparish|P131_electoraldevision|P625_coord|P402_osm|P5097_logainm|P1545_geohive|ciic|count|P973_link_townland_ie|comment
Q85390377|en|Inchagoill|Inchagoill Townland, Co. Galway||Q2151232|Q27|Q164421|Q169923|Q60498690|Q60553884|Q59729161|53.4855556,-9.316944444444443|3506016|n/a|n/a|1|1|https://www.townlands.ie/galway/ross/cong/cong/inchagoill/|
Q85390407|en|Cloonmorris|Cloonmorris Townland, Co. Leitrim||Q2151232|Q27|Q164421|Q107397|Q25351595|Q60555935|Q59729888|53.8163889,-7.870555555555556|4628215|36538|http://data.geohive.ie/page/townland/2ae19629-b090-13a3-e055-000000000001|2|1|https://www.townlands.ie/mayo/costello/kilbeagh/cloonmore/cloonmore/|
Q85390382|en|Island|Island Townland, Co. Mayo|An tOileán|Q2151232|Q27|Q164421|Q178626|Q4863015|Q60553584|Q59730319|53.7816667,-8.805000000000001|5745597|||3|1|https://www.townlands.ie/mayo/costello/bekan/bekan/island/|
Q72006009|en|Kilmannin Townland|Kilmannin Townland, Co. Mayo|Cill Mhainín|Q2151232|Q27|Q164421|Q178626|Q4863015|Q60553584|Q59730350|53.7736111,-8.765555555555556|5745598|||4|1|https://www.townlands.ie/mayo/costello/bekan/loughanboy/kilmannin/|
Q85390384|en|Rusheens East|Rusheens East Townland, Co. Mayo|An Roisín Thoir |Q2151232|Q27|Q164421|Q178626|Q4863015|Q60555304|Q59730441|53.8961111,-8.665277777777778|5652586|||5|1|https://www.townlands.ie/mayo/costello/kilmovee/kilmovee/rusheens-east/|
Q85390409|en|Tullaghaun|Tullaghaun Townland, Co. Mayo|An Tulchán|Q2151232|Q27|Q164421|Q178626|Q4863015|Q60553259|Q59730331|53.7286111,-8.709444444444443|5740104|||6|1|https://www.townlands.ie/mayo/costello/annagh/course/tullaghaun/|
Q85390388|en|Corrower|Corrower Townland, Co. Mayo|Corr Odhar|Q2151232|Q27|Q164421|Q178626|Q4863021|Q60553344|Q59730060|54.0744444,-9.08388888888889|5714333|||7|1|https://www.townlands.ie/mayo/gallen/attymass/sallymount/corrower/|
Q85390429|en|Dooghmakeon|Dooghmakeon Townland, Co. Mayo|Dumhach Mhic Eoghain|Q2151232|Q27|Q164421|Q178626|Q59419949|Q60554741|Q59730568|53.7463889,-9.870000000000001|6138946|||8|1|https://www.townlands.ie/mayo/murrisk/kilgeever/emlagh/dooghmakeon/|
Q85390391|en|Aghaleague|Aghaleague Townland, Co. Mayo|Achadh Liag |Q2151232|Q27|Q164421|Q178626|Q7809156|Q22084091|Q59729958|54.2602778,-9.330833333333333|5745317|||9|1|https://www.townlands.ie/mayo/tirawley/lackan/ballycastle/aghaleague/|
Q85390394|en|Breastagh|Breastagh Townland, Co. Mayo|Bréisteach|Q2151232|Q27|Q164421|Q178626|Q7809156|Q60557054|Q59730041|54.2486111,-9.248055555555554|4250662|||10|1|https://www.townlands.ie/mayo/tirawley/templemurry/lackan-south/breastagh/|
Q85390417|en|Drummin|Drummin Townland, Co. Roscommon||Q2151232|Q27|Q164421|Q179437|Q59419970||Q59730973|53.84,-8.362222222222222|4789213|||11|1|https://www.townlands.ie/roscommon/castlereagh/kilcorkery/bellanagare/drummin/|
Q85390711|en|Toberrory|Toberrory Townland, Co. Roscommon|Tobar Ruairí|Q2151232|Q27|Q164421|Q179437|Q59419970|Q60554221|Q59731043|53.8075,-8.297777777777778|5187206|43913||12,13|2|https://www.townlands.ie/roscommon/roscommon/elphin/cloonyquin/toberrory/|descision for townland: monument was linked to in logainm
Q85391730|en|Kilcumney|Kilcumney Townland, Co. Carlow|Cill Chuimne |Q2151232|Q27|Q159736|Q181882|Q25051535|Q60553438|Q59718642|52.6316667,-6.956388888888889|2244326|||14|1|https://www.townlands.ie/carlow/idrone-east/ballyellin/ballyellin/kilcumney/|
Q85391717|en|Clonmore|Clonmore Townland, Co. Carlow|Cluain Mhór |Q2151232|Q27|Q159736|Q181882|Q25351592|Q60553831|Q59718613|52.8263889,-6.573611111111111|2249949|||15|1|https://www.townlands.ie/carlow/rathvilly/clonmore/clonmore/clonmore/|
Q85391648|en|Rathglass|Rathglass Townland, Co. Carlow|An Ráth Ghlas|Q2151232|Q27|Q159736|Q181882|Q25351592|Q60557183|Q59718782|52.7819444,-6.716666666666667|2247228|||16|1|https://www.townlands.ie/carlow/rathvilly/tullowphelim/tullow-rural/rathglass/|
Q85391650|en|Tuckamine|Tuckamine Townland, Co. Carlow|Toca Mín|Q2151232|Q27|Q159736|Q181882|Q25351592|Q60556436|Q59718630|52.8480556,-6.727222222222222|2203853|||17|1|https://www.townlands.ie/carlow/rathvilly/rathvilly/williamstown/tuckamine/|
Q85391732|en|Portmarnock|Portmarnock Townland, Co. Dublin|Port Mearnóg |Q2151232|Q27|Q159736|Q173500|Coolock|Q60556293||53.4197222,-6.152500000000001|5436853|||18|1|https://www.townlands.ie/dublin/coolock/portmarnock/portmarnock/|
Q85391699|en|Dun Laoghaire|Dunleary Townland, Co. Dublin|Kingstown (1821-1921)|Q2151232|Q27|Q159736|Q173500|Q17006630|||53.2933333,-6.142222222222222|3661256|17499||"w/o number
"|1|https://www.townlands.ie/dublin/rathdown/dunleary/|
Q85391762|en|Colbinstown / Killeen Cormac|Colbinstown Townland, Co. Kildare|Baile Choilbín |Q2151232|Q27|Q159736|Q173332|Q22084174|Q60553969|Q59719602|53.0311111,-6.756388888888889|4780861|||19,20,21,22,23,24,25|7|https://www.townlands.ie/kildare/narragh-reban-east/davidstown/inchaquire/colbinstown/|
Q85391654|en|Donaghmore|Donaghmore Townland, Co. Kildare|Domhnach Mór |Q2151232|Q27|Q159736|Q173332|Q22084181|Q60554019|Q54376822|53.3752778,-6.551111111111111|4547533|||26|1|https://www.townlands.ie/kildare/north-salt/donaghmore/maynooth/donaghmore/|
Q85391701|en|Ballyspellan|Ballyspellan Townland, Co. Kilkenny|Baile Uí Spealáin|Q2151232|Q27|Q159736|Q180231|Q4863023|Q60554280|Q59720009|52.76,-7.524444444444445|4759866|||27|1|https://www.townlands.ie/kilkenny/galmoy/fertagh/glashare/ballyspellan/|
Q85391656|en|Churchclara / Clarah|Churchclara Townland, Co. Kilkenny |Clárach an Teampaill|Q2151232|Q27|Q159736|Q180231|Q28224604|Q60553754|Q59719855|52.6513889,-7.150555555555556|4833040|||28|1|https://www.townlands.ie/kilkenny/gowran/clara/clara/churchclara/|
Q85391719|en|Dunbell Big|Dunbell Big Townland, Co. Kilkenny|Dún Bile Mór|Q2151232|Q27|Q159736|Q180231|Q28224604|Q60554143|Q59719860|52.6177778,-7.1722222222222225|4834616|||29,30|2|https://www.townlands.ie/kilkenny/gowran/dunbell/dunbell/dunbell-big/|
Q85391658|en|Fiddaun Upper|Fiddaun Upper Townland, Co. Kilkenny|An Feadán Uachtarach |Q2151232|Q27|Q159736|Q180231|Q28224604|Q60554507|Q59719920|52.5188889,-7.036388888888888|5357487|||31|1|https://www.townlands.ie/kilkenny/gowran/inistioge/famma/fiddaun-upper/|
Q85391704|en|Gowran|Gowran Townland, Co. Kilkenny |Gabhrán|Q2151232|Q27|Q159736|Q180231|Q28224604|Q60554376|Q59719866|52.6325,-7.066111111111111|5122565|||32|1|https://www.townlands.ie/kilkenny/gowran/gowran/gowran/gowran/|
Q85391660|en|Graiguenamanagh|Graiguenamanagh Townland, Co. Kilkenny |Gráig na Manach |Q2151232|Q27|Q159736|Q180231|Q28224604|Q60554378|Q59719928|52.5425,-6.958055555555556|5349535|||33|1|https://www.townlands.ie/kilkenny/gowran/graiguenamanagh/graiguenamanagh/graiguenamanagh/|
Q85391706|en|Legan|Legan Townland, Co. Kilkenny |An Liagán|Q2151232|Q27|Q159736|Q180231|Q28224604|Q60553468|Q59719966|52.5386111,-7.158611111111111|5234537|||34|1|https://www.townlands.ie/kilkenny/gowran/ballylinch/thomastown/legan/|
Q85391735|en|Tullaherin|Tullaherin Townland, Co. Kilkenny |An Tulaigh Thirim|Q2151232|Q27|Q159736|Q180231|Q28224604|Q60557175|Q59719971|52.5775,-7.121388888888888|5371753|||35|1|https://www.townlands.ie/kilkenny/gowran/tullaherin/tullaherin/tullaherin/|
Q85391666|en|Lamoge|Lamoge Townland, Co. Kilkenny|Lamóg|Q2151232|Q27|Q159736|Q180231|Q30589034|Q60557176|Q59719780|52.4438889,-7.360833333333333|5251020|||36,37|2|https://www.townlands.ie/kilkenny/kells/tullahought/kilmaganny/lamoge/|
Q69378747|en|Ballyboodan Townland|Ballyboodan Townland, Co. Kilkenny|Baile Mhuadáin|Q2151232|Q27|Q159736|Q180231|Q60496819|Q60555608|Q59719948|52.4719444,-7.231111111111111|5265769|||38|1|https://www.townlands.ie/kilkenny/knocktopher/knocktopher/knocktopher/ballyboodan/|
Q85391668|en|Barnaveddoge|Barnaveddoge Townland, Co. Louth |Barr na bhFeadóg|Q2151232|Q27|Q159736|Q183539|Q25351691|Q60554066|Q59720911|53.845,-6.476666666666667|5398547|||39|1|https://www.townlands.ie/louth/ardee/dromin/dromin/barnaveddoge/|
Q85391671|en|Painestown / Saneschalstown|Painestown Townland, Co. Meath||Q2151232|Q27|Q159736|Q183544|Q60493393|Q60556265|Q59721341|53.6733333,-6.559166666666666|4640570|||40|1|https://www.townlands.ie/meath/lower-duleek/painestown/painestown/painestown/|
Q85391673|en|Castlekeeran|Castlekeeran Townland, Co. Meath||Q2151232|Q27|Q159736|Q183544|Q59419956|Q60555772|Q59721170|53.7358333,-6.96|4633194|||41|1|https://www.townlands.ie/meath/upper-kells/loughan-or-castlekeeran/castlekeeran/castlekeeran/|
Q85391707|en|Balloughton|Balloughton Townland, Co. Wexford|Baile Achtain|Q2151232|Q27|Q159736|Q184599|Q4860618|Q60554600|Q59719600|52.2505556,-6.720555555555555|3431012|||42|1|https://www.townlands.ie/wexford/bargy/kilcavan/harristown/balloughton/|
Q85391722|en|Great Saltee Island|Saltee Island Great Townland, Co. Wexford ||Q2151232|Q27|Q159736|Q184599|Q4860618||Q59723052|52.1173,-6.6177|3519152|||43|1|https://www.townlands.ie/wexford/kilmore/saltee-island-great/|
Q85391675|en|Cotts|Cotts Townland, Co. Wexford|Na Botha|Q2151232|Q27|Q159736|Q184599|Q59419984|Q60556771|Q59723104|52.2152778,-6.4275|3671216|||44|1|https://www.townlands.ie/wexford/forth/tacumshin/tacumshin/cotts/|
Q85391677|en|Killabeg|Killabeg Townland, Co. Wexford|An Choill Bheag|Q2151232|Q27|Q159736|Q184599|Q59419986|Q60553798|Q59722684|52.5436111,-6.530277777777778|2571707|||45|1|https://www.townlands.ie/wexford/scarawalsh/clone/tinnacross/killabeg/|
Q85391680|en|Houseland / Hook Point|Houseland Townland, Co. Wexford|Fearann Habha|Q2151232|Q27|Q159736|Q184599|Q59419991|Q60557083|Q59722928|52.1613889,-6.887777777777777|3389087|||46|1|https://www.townlands.ie/wexford/shelburne/templetown/templetown/houseland/|
Q85391708|en|Castletimon|Castletimon Townland, Co. Wicklow ||Q2151232|Q27|Q159736|Q182591|Q22083847|Q60554157|Q59723383|52.9091667,-6.063611111111111|4502014|||47|1|https://www.townlands.ie/wicklow/arklow/dunganstown/dunganstown-east/castletimon/|
Q85391710|en|Donard|Donard Lower Townland, Co. Wicklow||Q2151232|Q27|Q159736|Q182591|Q22084124|Q60554033|Q59723190|53.0169444,-6.617777777777778|1016496|||48|1|https://www.townlands.ie/wicklow/lower-talbotstown/donard/donard/donard-lower/| descision for townland Donard *Lower*, because MacAlister states it was found south of the village
Q85391683|en|Baltinglass|||Q2221906|Q27|Q159736|Q182591|Q24196320|||52.9663889,-6.624444444444445||||49|1||location unknown in http://webgis.archaeology.ie/historicenvironment/. coordinate by https://www.townlands.ie/wicklow/upper-talbotstown/
Q85391685|en|Boleycarrigeen|Boleycarrigeen Townland, Co. Wicklow|Buaile an Charraigín|Q2151232|Q27|Q159736|Q182591|Q24196320|Q60555373|Q59723200|53.9469444,-6.608888888888888|4521037|||50|1|https://www.townlands.ie/wicklow/upper-talbotstown/kilranelagh/eadestown/boleycarrigeen/|
Q85391711|en|Knickeen|Knickeen Townland, Co. Wicklow|An Cnoicín|Q2151232|Q27|Q159736|Q182591|Q24196320|Q60554028|Q59723221|52.9980556,-6.535|4461430|||51|1|https://www.townlands.ie/wicklow/upper-talbotstown/donaghmore/imael-north/knickeen/|
Q85393909|en|Tullycommon|Tullycommon Townland, Co. Clare||Q2151232|Q27|Q131438|Q181862|Q16892654||Q59723651|53.0222222,-9.063611111111111|4670081|||52|1|https://www.townlands.ie/clare/inchiquin/glenroe/tullycommon/|
Q85394775|en|Ennis Ogham Site|Ennis||Q1357964|Q27|Q131438|Q181862||||52.8463,-8.9807||||53|1||town Q209128
Q85393912|en|Shantraud|Shantraud Townland, Co. Clare|An tSeantsráid|Q2151232|Q27|Q131438|Q181862||Q16890441|Q59724056|52.8033333,-8.447777777777778|5616517|||54|1|https://www.townlands.ie/clare/tulla-lower/killaloe/killaloe/shantraud/|in MacAlister named Killaloe, which is a town. As the stone was found in the cathedral, this townland was used.
Q85394096|en|Coomleagh East / Coomlia|Coomleagh East Townland, Co. Cork|An Com Liath Thoir|Q2151232|Q27|Q131438|Q162475|Q4863005|Q60555274|Q59724346|51.7330556,-9.28361111111111|5990863|||55|1|https://www.townlands.ie/cork/bantry/kilmocomoge/mealagh/coomleagh-east/|
Q85393991|en|Burnfort|Burnfort Townland, Co. Cork||Q2151232|Q27|Q131438|Q162475|Q4863004|Q60556021|Q59724741|52.0680556,-8.599444444444446|5860030|||56|1|https://www.townlands.ie/cork/barretts/mourneabbey/ballynamona/burnfort/|
Q72006007|en|Greenhill Townland|Greenhill Townland, Co. Cork||Q2151232|Q27|Q131438|Q162475|Q4863004|Q60556021|Q59724741|52.0811111,-8.601944444444444|5860011|||57,58|2|https://www.townlands.ie/cork/barretts/mourneabbey/ballynamona/greenhill/|
Q85393914|en|Ballynabortagh|Ballynabortagh Townland, Co. Cork|Baile na bPórtach|Q2151232|Q27|Q131438|Q162475|Q4863006|Q60554148|Q59724457|52.0102778,-8.453333333333333|6384608|||59,60|2|https://www.townlands.ie/cork/barrymore/dunbulloge/killeagh/ballynabortagh/|
Q85393915|en|Bishop's Island|Bishop's Island Townland, Co. Cork||Q2151232|Q27|Q131438|Q162475|Q4863006|Q60553303|Q59724571|52.0086111,-8.360555555555555|6368014|||61|1|https://www.townlands.ie/cork/barrymore/ardnageehy/watergrasshill/bishops-island/|descision for Bishop's Island in Ardnageehy, because it is larger and also used in http://webgis.archaeology.ie/historicenvironment/
Q85393918|en|Dunbulloge|Dunbulloge Townland, Co. Cork |Dún Bolg|Q2151232|Q27|Q131438|Q162475|Q4863006|Q60554148|Q59724457|51.9808333,-8.452777777777778|6385377|||62|1|https://www.townlands.ie/cork/barrymore/dunbulloge/killeagh/dunbulloge/|
Q85393995|en|Glenawillin|Glenawillin Townland, Co. Cork|Gleann an Mhuilinn |Q2151232|Q27|Q131438|Q162475|Q4863006|Q60557056|Q59724834|51.9694444,-8.175555555555555|6384971|||63,64|2|https://www.townlands.ie/cork/barrymore/templenacarriga/templenacarriga/glenawillin/|
Q85393922|en|Rathcobane|Rathcobane Townland, Co. Cork|Ráth Ghobáin|Q2151232|Q27|Q131438|Q162475|Q4863006||Q59724831|52.0052778,-8.24611111111111|6388535|||65|1|https://www.townlands.ie/cork/barrymore/templebodan/rathcobane/|
Q85393998|en|Faunkill and the Woods / BallycrovaneFaunkill and the Woods Townland, Co. Cork||Fánchoill agus Na Coillte|Q2151232|Q27|Q131438|Q162475|Q59419895|Q60554598|Q59724366|51.7122222,-9.935277777777777|4793209|8780||66|1|https://www.townlands.ie/cork/bear/kilcatherine/kilcatherine/faunkill-and-the-woods/|
Q85394098|en|Gour|Gour Townland, Co. Cork|Gamhair |Q2151232|Q27|Q131438|Q162475|Q59419895|Q60554983|Q59724369|51.6288889,-9.981666666666667|5812537|8815||67|1|https://www.townlands.ie/cork/bear/killaconenagh/killaconenagh/gour/|
Q85394111|en|Kilcaskan|Kilcaskan Townland, Co. Cork||Q2151232|Q27|Q131438|Q162475|Q59419895|Q60554595|Q59724357|51.7275,-9.711944444444443|5979103|||68|1|https://www.townlands.ie/cork/bear/kilcaskan/adrigole/kilcaskan/|
Q85394002|en|Ahalisky|Ahalisky Townland, Co. Cork|Achadh Loiscthe|Q2151232|Q27|Q131438|Q162475|Q59419891|Q60555244|Q59724399|51.6788889,-8.846944444444444|5994609|9071||69,70,71|3|https://www.townlands.ie/cork/east-carbery-east-division/kilmaloda/kilmaloda-west/ahalisky/|
Q85394004|en|Aultagh|Aultagh Townland, Co. Cork||Q2151232|Q27|Q131438|Q162475|Q59419893|Q60555272|Q59724485|51.7708333,-9.088055555555556|6156514|||72|1|https://www.townlands.ie/cork/east-carbery-west-division/kilmichael/aultagh/aultagh/|
Q85393926|en|Carhoovauler|Carhoovauler Townland, Co. Cork|Ceathrú Bhaldair|Q2151232|Q27|Q131438|Q162475|Q59419891|Q60553993|Q59724405|51.6883333,-8.95611111111111|5995001|||73,74|2|https://www.townlands.ie/cork/east-carbery-east-division/desertserges/knocks/carhoovauler/|
Q85393928|en|Keenrath|Keenrath Townland, Co. Cork|Caoinráth|Q2151232|Q27|Q131438|Q162475|Q59419893|Q60554257|Q59724511|51.7594444,-9.185833333333333|5990901|9881||75|1|https://www.townlands.ie/cork/east-carbery-west-division/fanlobbus/garrown/keenrath/|
Q85394006|en|Templebryan North|Templebryan North Townland, Co. Cork||Q2151232|Q27|Q131438|Q162475|Q59419891|Q60557013|Q59724387|51.645,-8.893055555555556|5998059|||76|1|https://www.townlands.ie/cork/east-carbery-east-division/templebryan/clonakilty-rural/templebryan-north/|descision for Templebryan North, because it is linked so in http://webgis.archaeology.ie/historicenvironment/
Q85393931|en|Burgatia / Teampuleen Fachtna|Burgatia Townland, Co. Cork|An Bhuirgéiseach|Q2151232|Q27|Q131438|Q162475|Q59419893|Q60556489||51.5777778,-9.0125|5908298|9138||77|1|https://www.townlands.ie/cork/east-carbery-west-division/ross/rosscarbery/burgatia/|
Q85394074|en|Coolowen|Coolowen Townland, Co. Cork||Q2151232|Q27|Q131438|Q162475|Q4863014|Q60557235|Q59724483|51.9577778,-8.539722222222222|5688488|||78|1|https://www.townlands.ie/cork/cork/whitechurch/whitechurch/coolowen/|
Q85393934|en|Rathcanning|Rathcanning Townland, Co. Cork|Ráth an Cheanainn|Q2151232|Q27|Q131438|Q162475|Q6005701|Q60554161|Q59724814|51.9772222,-8.075555555555555|6364485|||79,80|2|https://www.townlands.ie/cork/imokilly/dungourney/dungourney/rathcanning/|
Q69385525|en|Garranes Townland|Garranes Townland, Co. Cork|An Garrán|Q2151232|Q27|Q131438|Q162475|Q20616069|Q60557037|Q59724324|51.8163889,-8.761666666666667|6168494|8299||81|1|https://www.townlands.ie/cork/kinalmeaky/templemartin/templemartin/garranes/|
Q85394270|en|Ballyknock Townland|Ballyknock Townland, Co. Cork||Q2151232|Q27|Q131438|Q162475|Q56055358|Q60553522||52.0269444,-8.071111111111112|6356326|9970||82,83,84,85,86,87,88,89,90,91,92,93,94,95,96|15|https://www.townlands.ie/cork/kinatalloon/ballynoe/ballynoe/ballyknock/|
Q85394010|en|Ballyhank|Ballyhank Townland, Co. Cork||Q2151232|Q27|Q131438|Q162475|Q6942774|Q60555321|Q59724419|51.8386111,-8.608333333333333|6169174|||97,98,99,100,101,102|6|https://www.townlands.ie/cork/east-muskerry/kilnaglory/ballincollig/ballyhank/|
Q69378412|en|Barrahaurin Townland|Barrahaurin Townland, Co. Cork||Q2151232|Q27|Q131438|Q162475|Q6942774|Q59724717|Q6942774|52.0158333,-8.818333333333333|6163380|||103|1|https://www.townlands.ie/cork/east-muskerry/donaghmore/kilcullen/barrahaurin/|
Q85394077|en|Coolineagh|Coolineagh Townland, Co. Cork|Cúil an Fhéich|Q2151232|Q27|Q131438|Q162475|Q6942774|Q60552483|Q59724696|51.9558333,-8.823888888888888|6173583|11342||104,105|2|https://www.townlands.ie/cork/east-muskerry/aghabulloge/clonmoyle/coolineagh/|
Q85393938|en|Deelish|Deelish Townland, Co. Cork|Duílis|Q2151232|Q27|Q131438|Q162475|Q6942774|Q60552483|Q59724714|51.9408333,-8.887777777777778|6175602|11434||106|1|https://www.townlands.ie/cork/east-muskerry/aghabulloge/kilberrihert/deelish/|
Q85394126|en|Glenaglogh North|Glenaglogh North Townland, Co. Cork|Gleann na gCloch Thuaidh|Q2151232|Q27|Q131438|Q162475|Q6942774|Q60552483|Q59724725|51.9911111,-8.866111111111111|6173334|11549||107|1|https://www.townlands.ie/cork/east-muskerry/aghabulloge/mountrivers/glenaglogh-north/|
Q85394079|en|Kilcullen South|Kilcullen South Townland, Co. Cork||Q2151232|Q27|Q131438|Q162475|Q6942774|Q60554016|Q59724717|51.9875,-8.81|6173335|||108|1|https://www.townlands.ie/cork/east-muskerry/donaghmore/kilcullen/kilcullen-south/|
Q85394014|en|Kilmartin Lower|Kilmartin Lower Townland, Co. Cork||Q2151232|Q27|Q131438|Q162475|Q6942774|Q60554016|Q59724717|51.9855556,-8.789444444444444|6163387|||109|1|https://www.townlands.ie/cork/east-muskerry/donaghmore/kilcullen/kilmartin-lower/|
Q85393940|en|Knockrour|Knockrour Townland, Co. Cork|An Cnoc Ramhar|Q2151232|Q27|Q131438|Q162475|Q6942774|Q60552483|Q59724725|51.9575,-8.83888888888889|6173253|11552||110,111|2|https://www.townlands.ie/cork/east-muskerry/aghabulloge/mountrivers/knockrour/|
Q69383268|en|Knockshanawee Townland|Knockshanawee Townland, Co. Cork|Cnoc Seanmhaí|Q2151232|Q27|Q131438|Q162475|Q6942774|Q60552553|Q59724316|51.8680556,-8.794722222222221|6171751|8237||112,113,114,115,116,117|3|https://www.townlands.ie/cork/east-muskerry/aglish/moviddy/knockshanawee/|
Q85394081|en|Monataggart|Monataggart Townland, Co. Cork||Q2151232|Q27|Q131438|Q162475|Q6942774|Q60554016|Q59724717|51.9744444,-8.779444444444445|6163395|||118,119,120,121|4|https://www.townlands.ie/cork/east-muskerry/donaghmore/kilcullen/monataggart/|
Q85394114|en|Mountrivers|Mountrivers Townland, Co. Cork |Cnoc idir Dhá Abhainn |Q2151232|Q27|Q131438|Q162475|Q6942774|Q60552483|Q59724725|51.9708333,-8.829444444444444|6173279|11553||122,123|2|https://www.townlands.ie/cork/east-muskerry/aghabulloge/mountrivers/mountrivers/|
Q85394017|en|Rooves More|Rooves More Townland, Co. Cork |An Rú Mór|Q2151232|Q27|Q131438|Q162475|Q6942774|Q60552553|Q59724685|51.8866667,-8.784166666666666|6171286|11243||124,125,126|3|https://www.townlands.ie/cork/east-muskerry/aglish/aglish/rooves-more/|
Q85394019|en|Tullig More|Tullig More Townland, Co. Cork |An Tulaigh Mhór|Q2151232|Q27|Q131438|Q162475|Q6942774|Q60555855|Q59724722|51.9463889,-8.757222222222222|6167687|11538||127|1|https://www.townlands.ie/cork/east-muskerry/magourney/magourney/tullig-more/|
Q85393943|en|Carrigagulla|Carrigagulla Townland, Co. Cork |Carraig an Ghiolla|Q2151232|Q27|Q131438|Q162475|Q6942776|Q60555822|Q59724714|52.0075,-8.909166666666668|6133254|11451||128|1|https://www.townlands.ie/cork/west-muskerry/macroom/kilberrihert/carrigagulla/|
Q85393945|en|Cooldorragha|Cooldorragha Townland, Co. Cork||Q2151232|Q27|Q131438|Q162475|Q6942776|Q60555272|Q59724520|51.5086111,-9.02638888888889|6018126|||129|1|https://www.townlands.ie/cork/west-muskerry/kilmichael/teerelton/cooldorragha/|
Q85393948|en|Crinnaloo North|Crinnaloo North Townland, Co. Cork||Q2151232|Q27|Q131438|Q162475|Q6942776|Q60554662|Q59724839|52.0666667,-8.928055555555554|5887360|||130|1|https://www.townlands.ie/cork/west-muskerry/kilcorney/crinnaloo/crinnaloo-north/|descision for Crinnaloo North, because of http://webgis.archaeology.ie/historicenvironment/
Q85394021|en|Glebe / Shanacloon|Glebe Townland, Co. Cork|An Seantóir|Q2151232|Q27|Q131438|Q162475|Q6942776|Q60554479|Q59724712|51.8494444, -9.115|6133274|||131,132,133|3|https://www.townlands.ie/cork/west-muskerry/inchigeelagh/inchigeelagh/glebe/|descision for the Glebe in Inchigeelagh, because it is by far the largest in West Muskerry (see https://en.wikipedia.org/wiki/List_of_townlands_of_the_barony_of_West_Muskerry , 2020-01-08) and the next stone is in Inchigeelagh, adding plausibility.
Q85394084|en|Kealvaugh More|Kealvaugh More Townland, Co. Cork||Q2151232|Q27|Q131438|Q162475|Q6942776|Q60554479|Q59724493|51.8283333,-9.228055555555555|6155931|||134|1|https://www.townlands.ie/cork/west-muskerry/inchigeelagh/bealanageary/kealvaugh-more/|
Q85394128|en|Mount Music / Knockoran|||Q2221906|Q27|Q131438|Q162475|Q6942776|||51.9261111,-9.08388888888889||||135|1||location unkown in http://webgis.archaeology.ie/historicenvironment/. coordinate by https://www.townlands.ie/cork/west-muskerry/
Q85394024|en|Ardfert|Ardfert Townland, Co. Kerry|Ard Fhearta|Q2151232|Q27|Q131438|Q184469|Q4863012|Q60553293|Q59725372|52.3288889,-9.772777777777778|6297127|1411932||136|1|https://www.townlands.ie/kerry/clanmaurice/ardfert/tubrid/ardfert/|
Q85394087|en|Fortwilliam|Fortwilliam Townland, Co. Kerry|Clochán Ruairc|Q2151232|Q27|Q131438|Q184469|Q4863012|Q60556207|Q59725218|52.3627778,-9.724166666666667|6297143|24261||137|1|https://www.townlands.ie/kerry/clanmaurice/odorney/abbeydorney/fortwilliam/|
Q85393952|en|Aghacarrible|Aghacarrible Townland, Co. Kerry|Áth an Charbaill|Q2151232|Q27|Q131438|Q184469|Q59419929|Q60555545|Q59725031|52.1294444,-10.17611111111111|6197494|22713||138,139,140|3|https://www.townlands.ie/kerry/corkaguiny/kinard/kinard/aghacarrible/|
Q85393955|en|Aglish|Aglish Townland, Co. Kerry|An Eaglais|Q2151232|Q27|Q131438|Q184469|Q59419929|Q60555914|Q59725038|52.1330556,-10.138055555555555|6206124|22749||141,142|2|https://www.townlands.ie/kerry/corkaguiny/minard/minard/aglish/|
Q85394130|en|Annagap|Annagap Townland, Co. Kerry|Áth na gCeap|Q2151232|Q27|Q131438|Q184469|Q59419929|Q60553502|Q59725010|52.1591667,-10.063055555555556|6148927|22479||143|1|https://www.townlands.ie/kerry/corkaguiny/ballynacourty/ballynacourty/annagap/|
Q85394026|en|Ardrinane|Ardrinane Townland, Co. Kerry|Ard Draighneáin|Q2151232|Q27|Q131438|Q184469|Q59419929|Q60553502|Q59725007|52.1430556,-10.049166666666666|6186040|22455||144|1|https://www.townlands.ie/kerry/corkaguiny/ballynacourty/ballinvoher/ardrinane/|
Q85394028|en|Arraglen|Arraglen Townland, Co. Kerry|Airghleann|Q2151232|Q27|Q131438|Q184469|Q59419929|Q60553762|Q59725011|52.2675,-10.236944444444443|6194293|22488||145|1|https://www.townlands.ie/kerry/corkaguiny/cloghane/brandon/arraglen/|descision for this townland, because the description says it is NW of Brandon Mountain and S of Masatiompan is
Q85393959|en|Reask|Reask Townland, Co. Kerry|An Riasc|Q2151232|Q27|Q131438|Q184469|Q59419929|Q60555877|Q59725035|52.1666667,-10.382222222222223|6196248|22747||146|1|https://www.townlands.ie/kerry/corkaguiny/marhin/marhin/reask/|MacAlister writes Ballinrannig wrongly. In the description it is said that the stone comes from the townland Reask.
Q85393961|en|Ballineesteenig|Ballineesteenig Townland, Co. Kerry|Baile an Ístínigh|Q2151232|Q27|Q131438|Q184469|Q59419929|Q60553762|Q59725031|52.1405556,-10.2075|6197800|||147|1|https://www.townlands.ie/kerry/corkaguiny/cloghane/kinard/ballineesteenig/|
Q85394310|en|Ballinrannig Townland|Ballinrannig Townland, Co. Kerry|Baile an Reannaigh|Q2151232|Q27|Q131438|Q184469|Q59419929|Q60555877|Q59725035|52.1761111,-10.386111111111111|4288698|||148,149,150,151,152,153,154|7|https://www.townlands.ie/kerry/corkaguiny/marhin/marhin/ballinrannig/|
Q85393964|en|Ballintaggart|Ballintaggart Townland, Co. Kerry|Baile an tSagairt|Q2151232|Q27|Q131438|Q184469|Q59419929|Q60553391|Q59725007|52.1725,-10.031111111111112|6185908|22440||155,156,157,158,159,160,161,162,163|9|https://www.townlands.ie/kerry/corkaguiny/ballinvoher/ballinvoher/ballintaggart/|
Q85395620|en|Ballintermon|Ballintermon Townland, Co. Kerry|Baile an Tearmainn|Q2151232|Q27|Q131438|Q184469|Q59419929|Q60553502|Q59725007|52.1552778,-10.03138888888889|6186014|22456||164,165|2|https://www.townlands.ie/kerry/corkaguiny/ballynacourty/ballinvoher/ballintermon/|
Q85395552|en|Ballinvoher|||Q2221906|Q27|Q131438|Q184469|Q59419929|||52.1869444,-10.159444444444444||||166|1||location unknown in http://webgis.archaeology.ie/historicenvironment (KE045-105). coordinate by https://www.townlands.ie/kerry/corkaguiny/
Q85395515|en|Ballyandreen|Ballyandreen Townland, Co. Kerry|Baile Aindrín|Q2151232|Q27|Q131438|Q184469|Q59419929|Q60553391|Q59725007|52.1658333,-10.0375|6185905|22441||167,168|2|https://www.townlands.ie/kerry/corkaguiny/ballinvoher/ballinvoher/ballyandreen/|
Q85395517|en|Ballyeightragh|Ballyeightragh Townland, Co. Kerry|An Baile Íochtarach|Q2151232|Q27|Q131438|Q184469|Q59419929|Q60554705|Q59725025|52.1605556,-10.323333333333332|6201257|22647||169|1|https://www.townlands.ie/kerry/corkaguiny/kildrum/glin/ballyeightragh/|descision for this townland, as it covers more of the stream than the other one right next to it. Description by MacAlister says the two stones were dislodged by a flood of this stream. 
Q85395592|en|Ballymorereagh|Ballymorereagh Townland, Co. Kerry|An Baile Riabhach|Q2151232|Q27|Q131438|Q184469|Q59419929|Q60553996|Q59725025|52.1513889,-10.3275|6201254|22607||170|1|https://www.townlands.ie/kerry/corkaguiny/dingle/glin/ballymorereagh/|
Q85395518|en|Ballynahunt|Ballynahunt Townland, Co. Kerry|Baile na Hunta|Q2151232|Q27|Q131438|Q184469|Q59419929|Q60553391|Q59725007|52.1875,-10.029722222222222|6148930|22443||171|1|https://www.townlands.ie/kerry/corkaguiny/ballinvoher/ballinvoher/ballynahunt/|
Q85395519|en|Ballywiheen / Cahernagat|Ballywiheen Townland, Co. Kerry|Baile Uí Bhaoithín|Q2151232|Q27|Q131438|Q184469|Q59419929|Q60555877|Q59725035|52.1558333,-10.400833333333333|6196083|22742||172|1|https://www.townlands.ie/kerry/corkaguiny/marhin/marhin/ballywiheen/|
Q85395554|en|Brackloon|Brackloon Townland, Co. Kerry|An Bhreac-chluain|Q2151232|Q27|Q131438|Q184469|Q59419929|Q60553502|Q59725007|52.1469444,-10.036388888888888|6186041|22457||173|1|https://www.townlands.ie/kerry/corkaguiny/ballynacourty/ballinvoher/brackloon/|
Q85395555|en|Brandon Mountain|||Q2221906|Q27|Q131438|Q184469|Q59419929|||52.1869444,-10.159444444444444||||174|1||location unknown as Brandon Mountain is not a townland. Brandon point might have been meant.coordinate by https://www.townlands.ie/kerry/corkaguiny/
Q85395594|en|Burnham East Townland|Burnham East Townland, Co. Kerry|Baile an Ghóilín |Q2151232|Q27|Q131438|Q184469|Q59419929|Q60553996|Q59725025|52.1258333,-10.306944444444445|4295140|22609||175|1|https://www.townlands.ie/kerry/corkaguiny/dingle/glin/burnham-east/|As it is located in Burnham East today, it is assumed this is the original townland as well
Q85395556|en|Camp Ogham Site|Camp Townland, Co. Kerry|An Com|Q2151232|Q27|Q131438|Q184469|Q59419929|Q60554748|Q59725329|52.215,-9.910277777777779|6155365|24660||176,177|2|https://www.townlands.ie/kerry/corkaguiny/kilgobban/knockglass/camp/|
Q85395557|en|Coumeenoole North / Dunmore Head|Coumeenoole North Townland, Co. Kerry|Com Dhíneol Thuaidh|Q2151232|Q27|Q131438|Q184469|Q59419929|Q60554192|Q59725022|52.1119444,-10.458333333333332|4250372|22572||178|1|https://www.townlands.ie/kerry/corkaguiny/dunquin/dunquin/coumeenoole-north/|
Q85395597|en|Dingle Ogham Site|Dingle Townland, Co. Kerry|An Daingean|Q2151232|Q27|Q131438|Q184469|Q59419929|Q60553996|Q59725019|52.14,-10.270000000000001|6199927|22553||179|1|https://www.townlands.ie/kerry/corkaguiny/dingle/dingle/dingle/|descision for this townland as the school house where the stone was found probably belonged to the town not the modern outskirts.
Q85395559|en|Emlagh East / Trabeg|Emlagh East Townland, Co. Kerry|Imleach Dhún Séann|Q2151232|Q27|Q131438|Q184469|Q59419929|Q60553996|Q59725025|52.1330556,-10.228055555555555|6197805|22621||180|1|https://www.townlands.ie/kerry/corkaguiny/dingle/glin/emlagh-east/|descision for this townland, as it is at the shores of river Trabeg.
Q85395521|en|Emlagh West|Emlagh West Townland, Co. Kerry|Imleach an Daingin|Q2151232|Q27|Q131438|Q184469|Q59419929|Q60553996|Q59725025|52.1352778,-10.270555555555557|6199818|22554||181|1|https://www.townlands.ie/kerry/corkaguiny/dingle/dingle/emlagh-west/|
Q85395522|en|Glanmore|||Q2221906|Q27|Q131438|Q184469|Q59419929|||52.1869444,-10.159444444444444||||182|1||location unknown in  http://webgis.archaeology.ie/historicenvironment/. coordinate by https://www.townlands.ie/kerry/corkaguiny/
Q85395523|en|Glanfahan|Glanfahan Townland, Co. Kerry|Gleann Fán|Q2151232|Q27|Q131438|Q184469|Q59419929|Q60553391|Q59725042|52.1033333,-10.437222222222223|4252866|22787||183|1|https://www.townlands.ie/kerry/corkaguiny/ballinvoher/ventry/glanfahan/|
Q85395524|en|Gortnagullanagh|Gortnagullanagh Townland, Co. Kerry|Gort na gCuileannach |Q2151232|Q27|Q131438|Q184469|Q59419929|Q60555914|Q59725038|52.1408333,-10.126666666666667|6206523|22764||184|1|https://www.townlands.ie/kerry/corkaguiny/minard/minard/gortnagullanagh/|descision for this townland on basis of historicenvironments. Probably a typo by MacAlister
Q85395526|en|Inishvickillane|Inishvickillane Townland, Co. Kerry|Inis Mhic Aoibhleáin|Q2151232|Q27|Q131438|Q184469|Q59419929|Q60554192|Q59725022|52.0444444,-10.607777777777777|4283721|22582||185|1|https://www.townlands.ie/kerry/corkaguiny/dunquin/dunquin/inishvickillane/|
Q85395599|en|Kilfountan|Kilfountan Townland, Co. Kerry|Cill Fhiontain|Q2151232|Q27|Q131438|Q184469|Q59419929|Q60554705|Q59725025|52.1533333,-10.300555555555556|6194997|||186|1|https://www.townlands.ie/kerry/corkaguiny/kildrum/glin/kilfountan/|descision for this townland, as probably a typo by MacAlister
Q85395528|en|Kilmalkedar|Kilmalkedar Townland, Co. Kerry|Cill Maoilchéadair|Q2151232|Q27|Q131438|Q184469|Q59419929|Q60555240|Q59725028|52.1883333,-10.333055555555555|6203209|22685||187|1|https://www.townlands.ie/kerry/corkaguiny/kilmalkedar/kilmalkedar/kilmalkedar/|
Q85395530|en|Kinard East|Kinard East Townland, Co. Kerry|Cinn Aird|Q2151232|Q27|Q131438|Q184469|Q59419929|Q60555545|Q59725031|52.1205556,-10.194444444444445|6197500|22724||188,189|2|https://www.townlands.ie/kerry/corkaguiny/kinard/kinard/kinard-east/|
Q85395562|en|Lugnagappul|Lugnagappul Townland, Co. Kerry|Log na gCapall|Q2151232|Q27|Q131438|Q184469|Q59419929|Q60555914|Q59725038|52.1358333,-10.124722222222223|6206135|22767||190,191|2|https://www.townlands.ie/kerry/corkaguiny/minard/minard/lugnagappul/|
Q85395622|en|Martramane|Martramane Townland, Co. Kerry|Martromán|Q2151232|Q27|Q131438|Q184469|Q59419929|Q60555123|Q59725014|52.2519444,-10.023333333333333|6176107|22517||192|1|https://www.townlands.ie/kerry/corkaguiny/killiney/castlegregory/martramane/|
Q85395564|en|Maumanorig|Maumanorig Townland, Co. Kerry|Mám an Óraigh|Q2151232|Q27|Q131438|Q184469|Q59419929|Q60557224|Q59725042|52.1447222,-10.359444444444444|6201235|||193|1|https://www.townlands.ie/kerry/corkaguiny/ventry/ventry/maumanorig/|
Q85395627|en|Rathduff|Rathduff Townland, Co. Kerry|An Ráth Dubh|Q2151232|Q27|Q131438|Q184469|Q59419929|Q60553391|Q59725007|52.1677778,-10.024444444444445|6185929|22452||194,194A|2|https://www.townlands.ie/kerry/corkaguiny/ballinvoher/ballinvoher/rathduff/|
Q85395567|en|Rathmalode / Loughor|Rathmalode Townland, Co. Kerry|Ráth Málóid|Q2151232|Q27|Q131438|Q184469|Q59419929|Q60553391|Q59725026|52.1725,-9.990555555555554|6185916|22668||195,196|2|https://www.townlands.ie/kerry/corkaguiny/ballinvoher/inch/rathmalode/|
Q69379704|en|Coolmagort Townland|Coolmagort Townland, Co. Kerry||Q2151232|Q27|Q131438|Q184469|Q59419928|Q60555583|Q59725103|52.0611111,-9.642777777777777|6271467|||197,198,199,200,201,202,203|7|https://www.townlands.ie/kerry/dunkerron-north/knockane/dunloe/coolmagort/|
Q85395570|en|Curraghmore East|Curraghmore East Townland, Co. Kerry||Q2151232|Q27|Q131438|Q184469|Q59419928|Q60553956|Q59725124|52.2086111,-9.621666666666668|6343126|||204|1|https://www.townlands.ie/kerry/trughanacmy/currans/kilnanare/curraghmore-east/|descision for this townland, as http://webgis.archaeology.ie/historicenvironment/ says MacAlister made an error, when he wrote west, it is east.
Q85395535|en|Derrygarriv|Derrygarriv Townland, Co. Kerry|Doire Garbh|Q2151232|Q27|Q131438|Q184469|Q59419928|Q60555583|Q59725103|51.9744444,-9.665000000000001|6263324|||205|1|https://www.townlands.ie/kerry/dunkerron-north/knockane/dunloe/derrygarriv/|
Q85395537|en|Kilcoolaght East / Kilhullicaha|Kilcoolaght East Townland, Co. Kerry|Cill Chuallachta Thoir|Q2151232|Q27|Q131438|Q184469|Q59419928|Q60555140|Q59725116|52.0719444,-9.747222222222222|6275122|||206,207,208,209,210,211,212,213|8|https://www.townlands.ie/kerry/dunkerron-north/killorglin/kilgobnet/kilcoolaght-east/|descision for this townland, as http://webgis.archaeology.ie/historicenvironment/ has it filed under Coolaght East
Q85395538|en|Kilgobnet|Kilgobnet Townland, Co. Kerry|Cill Ghobnait|Q2151232|Q27|Q131438|Q184469|Q59419928|Q60555583|Q59725116|52.0680556,-9.71888888888889|6271430|||214|1|https://www.townlands.ie/kerry/dunkerron-north/knockane/kilgobnet/kilgobnet/|
Q85395539|en|Whitefield|Whitefield Townland, Co. Kerry|Banchluain|Q2151232|Q27|Q131438|Q184469|Q59419928|Q60555583|Q59725116|52.0805556,-9.703055555555554|6227080|||215,216,217,218,218A|5|https://www.townlands.ie/kerry/dunkerron-north/knockane/kilgobnet/whitefield/|
Q85395602|en|Derrygarrane South|Derrygarrane South Townland, Co. Kerry|Doire Ghearrain Theas|Q2151232|Q27|Q131438|Q184469|Q59419928|Q60557060|Q59725070|51.91,-9.746666666666666|6267983|||219|1|https://www.townlands.ie/kerry/dunkerron-south/templenoe/loughbrin/derrygarrane-south/|
Q85395573|en|Darrynane Beg|Darrynane Beg Townland, Co. Kerry|Doire Fhíonáin Beag|Q2151232|Q27|Q131438|Q184469|Q59419926|Q60554672|Q59724981|51.7730556,-10.122222222222224|6257097|||220|1|https://www.townlands.ie/kerry/dunkerron-south/kilcrohane/darrynane/darrynane-beg/|
Q85395540|en|Dromlusk|Dromlusk Townland, Co. Kerry|Drom Loische|Q2151232|Q27|Q131438|Q184469|Q59419926|Q60554672|Q59725078|51.8811111,-9.786666666666667|6264722|||221|1|https://www.townlands.ie/kerry/dunkerron-south/kilcrohane/tahilla/dromlusk/|
Q85395541|en|Mangerton|||Q2221906|Q27|Q131438|Q184469|Q59419926|||51.8586111,-9.875||||222|1||There is only a Mangerton in the Barony of Glanarought. Location unknown in http://webgis.archaeology.ie/historicenvironment/. coordinate by https://www.townlands.ie/kerry/dunkerron-south/
Q85395605|en|Parknasilla|||Q2221906|Q27|Q131438|Q184469|Q59419926|||51.8586111,-9.875||||223|1||provenance unknown to MacAlister, coordinate by https://www.townlands.ie/kerry/dunkerron-south/
Q85395543|en|Dromatouk|Dromatouk Townland, Co. Kerry|Drom an tSeabhaic|Q2151232|Q27|Q131438|Q184469|Q59419930|Q60554530|Q59725049|51.8852778,-9.525833333333335|6333226|22863||224|1|https://www.townlands.ie/kerry/glanarought/kenmare/cappagh/dromatouk/|
Q85395607|en|Gortmaccaree|||Q2221906|Q27|Q131438|Q184469|Q59419930|||51.8475,-9.551666666666668||||225|1||location unknown to MacAlister, coordinate from https://www.townlands.ie/kerry/glanarought/
Q85395624|en|Inchinanagh|Inchinanagh Townland, Co. Kerry||Q2151232|Q27|Q131438|Q184469|Q59419930|Q60554737|Q59725058|51.8394444,-9.389166666666666|5725191|||226|1|https://www.townlands.ie/kerry/glanarought/kilgarvan/glanlee/inchinanagh/|
Q85395546|en|Lomanagh|Lomanagh Townland, Co. Kerry|An Lománach|Q2151232|Q27|Q131438|Q184469|Q59419930|Q60554737|Q59725061|51.8833333,-9.413611111111111|6344027|22988||227|1|https://www.townlands.ie/kerry/glanarought/kilgarvan/glanlough/lomanagh/|
Q85395548|en|Cockhill / Kilnaughtin|Cockhill Townland, Co. Kerry||Q2151232|Q27|Q131438|Q184469|Q59419932|Q60555339|Q59725210|52.5666667,-9.421388888888888|6266577|||228|1|https://www.townlands.ie/kerry/iraghticonnor/kilnaughtin/tarbert/cockhill/|
Q85395576|en|Canburrin|Canburrin Townland, Co. Kerry |Ceann Boirinn|Q2151232|Q27|Q131438|Q184469|Q59419925|Q60553651|Q59724969|51.9211111,-10.166666666666666|6239630|22094||229|1|https://www.townlands.ie/kerry/iveragh/caher/caher/canburrin/|
Q85395549|en|Cloghanecarhan Townland|Cloghanecarhan Townland, Co. Kerry|Clochán Cárthainn|Q2151232|Q27|Q131438|Q184469|Q59419925|Q60553651|Q59724985|51.8941667,-10.176944444444445|6242965|22255||230|1|https://www.townlands.ie/kerry/iveragh/caher/emlagh/cloghanecarhan/|
Q85395579|en|Cool East / Killeenadreena|Cool East Townland, Co. Kerry|An Chúil Thoir|Q2151232|Q27|Q131438|Q184469|Q59419925|Q60557222|Q59725005|51.9122222,-10.365555555555556|6058809|22424||231,232|2|https://www.townlands.ie/kerry/iveragh/valencia/valencia/cool-east/|
Q85395550|en|Dromkeare|Dromkeare Townland, Co. Kerry|Drom Caor|Q2151232|Q27|Q131438|Q184469|Q59419925|Q60554071|Q59724992|51.8480556,-10.11361111111111|6258135|22344||233|1|https://www.townlands.ie/kerry/iveragh/dromod/loughcurrane/dromkeare/|
Q85395582|en|Kilkeehagh|Kilkeehagh Townland, Co. Kerry|Cill Chaoitheach|Q2151232|Q27|Q131438|Q184469|Q59419925|Q60554343|Q59724987|52.0311111,-10.029166666666667|6192274|22295||234|1|https://www.townlands.ie/kerry/iveragh/glanbehy/glanbehy/kilkeehagh/|
Q85395618|en|Killogrone|Killogrone Townland, Co. Kerry|Cill Ó gCróin|Q2151232|Q27|Q131438|Q184469|Q59419925|Q60553651|Q59724969|51.9133333,-10.175833333333333|6239736|22106||235|1|https://www.townlands.ie/kerry/iveragh/caher/caher/killogrone/|
Q85395551|en|Killurly|Killurly Townland, Co. Kerry|Cill Urlaí|Q2151232|Q27|Q131438|Q184469|Q59419925|Q60556300|Q59724962|51.8433333,-10.301944444444445|6231758|22072||236,237|2|https://www.townlands.ie/kerry/iveragh/prior/ballinskelligs/killurly/|
Q85395585|en|Letter Ogham Site|Letter Townland, Co. Kerry|Leitir|Q2151232|Q27|Q131438|Q184469|Q59419925|Q60553651|Q59724969|51.9233333,-10.220833333333333|4726137|22109||238|1|https://www.townlands.ie/kerry/iveragh/caher/caher/letter/|
Q85396891|en|Letter West|Letter West Townland, Co. Kerry|Leitir Thiar|Q2151232|Q27|Q131438|Q184469|Q59419925|Q60554343|Q59724987|52.0136111,-10.025277777777779|6192392|22299||239|1|https://www.townlands.ie/kerry/iveragh/glanbehy/glanbehy/letter-west/|
Q85396810|en|Teeromoyle|Teeromoyle Townland, Co. Kerry|Tir O mBaoill|Q2151232|Q27|Q131438|Q184469|Q59419925|Q60555115|Q59724989|51.9708333,-10.05888888888889|6231895|22322||240|1|https://www.townlands.ie/kerry/iveragh/killinane/killinane/teeromoyle/|
Q85396894|en|Kilbonane Townland|Kilbonane Townland, Co. Kerry|Cill Bheanáin|Q2151232|Q27|Q131438|Q184469|Q59419931|Q60554557|Q59725109|52.0861111,-9.67361111111111|6293852|23420||241|1|https://www.townlands.ie/kerry/magunihy/kilbonane/kilbonane/kilbonane/|
Q85396972|en|Parkavonear|Parkavonear Townland, Co. Kerry||Q2151232|Q27|Q131438|Q184469|Q59419931|Q60552493|Q59725079|52.0777778,-9.558333333333334|6320454|||242,242A|2|https://www.townlands.ie/kerry/magunihy/aghadoe/aghadoe/parkavonear/|
Q85396812|en|Rockfield / Laharan|Rockfield Middle Townland, Co. Kerry||Q2151232|Q27|Q131438|Q184469|Q59419931|Q60554557|Q59725138|52.1288889,-9.631666666666668|6301240|23765||243,244,245,246|4|https://www.townlands.ie/kerry/magunihy/kilbonane/rockfield/rockfield-middle/|Rockfield Middle says http://webgis.archaeology.ie/historicenvironment/
Q85396815|en|Ardcanaght|Ardcanaght Townland, Co. Kerry|Ard Cánachta|Q2151232|Q27|Q131438|Q184469|Q7847631|Q60554735|Q59725245|52.1655556,-9.73361111111111|6278144|24431||246A,246B|2|https://www.townlands.ie/kerry/trughanacmy/kilgarrylander/boolteens/ardcanaght/|
Q85396974|en|Ardywanig|Ardwanig Townland, Co. Kerry|Ard Uí Mhánaigh|Q2151232|Q27|Q131438|Q184469|Q59419931|Q60555333|Q59725124|52.1477780,-9.6627780||||247|1|https://www.townlands.ie/kerry/magunihy/kilnanare/kilnanare/ardwanig/|in townlands.ie it is spelled Ardwanig, in OSM and  http://webgis.archaeology.ie/historicenvironment/ it is Ardywanig.
Q85396897|en|Bawnaglanna|Bawnaglanna Townland, Co. Kerry|Bán an Ghleanna|Q2151232|Q27|Q131438|Q184469|Q7847631|Q60555074|Q59725119|52.1425,-9.43888888888889|6313763|||248|1|https://www.townlands.ie/kerry/trughanacmy/killeentierna/killeentierna/bawnaglanna/|
Q85396931|en|Brackhill / Brakel|Brackhill Townland, Co. Kerry|An Bhreac-choill|Q2151232|Q27|Q131438|Q184469|Q7847631|Q60554617|Q59725131|52.1619444,-9.687777777777779|6278220|||249|1|https://www.townlands.ie/kerry/trughanacmy/kilcolman/milltown/brackhill/|
Q85396820|en|Corkaboy|Corkaboy Townland, Co. Kerry|Corcaigh Buí|Q2151232|Q27|Q131438|Q184469|Q7847631|Q60554735|Q59725304|52.1658333,-9.771944444444445|5747690|24576||250|1|https://www.townlands.ie/kerry/trughanacmy/kilgarrylander/kilgarrylander/corkaboy/|
Q85396823|en|Crag|Crag Townland, Co. Kerry||Q2151232|Q27|Q131438|Q184469|Q7847631|Q60553956|Q59725096|52.1916667,-9.5325|6343125|||251|1|https://www.townlands.ie/kerry/trughanacmy/currans/currans/crag/|descision for this townland as http://webgis.archaeology.ie/historicenvironment/
Q85396933|en|Gortatlea|Gortatlea Townland, Co. Kerry|Gort an tSléibhe|Q2151232|Q27|Q131438|Q184469|Q7847631|Q60553471|Q59725219|52.2266667,-9.581944444444444|6351605|24293||252|1|https://www.townlands.ie/kerry/trughanacmy/ballymacelligott/arabela/gortatlea/|
Q85396826|en|Killorglin Townland|||Q2221906|Q27|Q131438|Q184469|Q7847631|||52.2336111,-9.540833333333333||||253|1||location unknown; coordinate from https://www.townlands.ie/kerry/trughanacmy/
Q85396936|en|Killorglin (neighbourhood of)|||Q2221906|Q27|Q131438|Q184469|Q7847631|||52.2336111,-9.540833333333333||||254|1||location unknown; coordinate from https://www.townlands.ie/kerry/trughanacmy/
Q85396900|en|Tinnahally|Tinnahally Townland, Co. Kerry|Tigh na hAille|Q2151232|Q27|Q131438|Q184469|Q7847631|Q60555140|Q60554617|52.1247222,-9.7575|6296323|||255,256|2|https://www.townlands.ie/kerry/trughanacmy/killorglin/milltown/tinnahally/|
Q85396830|en|Tralee Ogham Site|Tralee Townland, Co. Kerry|Trá Lí|Q2151232|Q27|Q131438|Q184469|Q7847631|||52.2680556,-9.710277777777778|6334675|22036||256A|1|https://www.townlands.ie/kerry/trughanacmy/tralee/|
Q85396834|en|Ballyelan Townland|Ballyelan Townland, Co. Limerick|Baile Uí Fhaoláin|Q2151232|Q27|Q131438|Q178283|Q59419939|Q60553377|Q59725566|52.4575,-8.823888888888888|6054256|30557||257|1|https://www.townlands.ie/limerick/connello-upper/ballingarry/ballynoe/ballyelan/|
Q85396837|en|Ballingarry Townland|Ballingarry Townland, Co. Limerick|Baile an Gharraí|Q2151232|Q27|Q131438|Q178283|Q59419946|Q60553377|Q59725803|52.3819444,-8.377222222222223|5959013|30936||258|1|https://www.townlands.ie/limerick/coshlea/ballingarry/glenbrohane/ballingarry/|
Q85396939|en|Mountrussell Townland|Mountrussell Townland, Co. Limerick|Garraí an Phúca|Q2151232|Q27|Q131438|Q178283|Q59419946|Q60553376|Q59725744|52.3286111,-8.562777777777779|5342510|30798||259|1|https://www.townlands.ie/limerick/coshlea/ballingaddy/ballymacshaneboy/mountrussell/|
Q85396941|en|Newcastle Townland|Newcastle Townland, Co. Tipperary|An Caisleán Nua|Q2151232|Q27|Q131438|Q184618|Q5991169|Q60557080|Q59727094|52.2758333,-8.105277777777777|5568441|47983||260|1|https://www.townlands.ie/tipperary/iffa-and-offa-west/templetenny/ballyporeen/newcastle/|
Q85396903|en|Priesttown Townland|Priesttown Townland, Co. Tipperary||Q2151232|Q27|Q131438|Q184618|Q5991169|Q60556144||52.2216667,-7.758055555555556|5554449|||261|1|https://www.townlands.ie/tipperary/iffa-and-offa-west/newcastle/newcastle/priesttown/|
Q85396840|en|Seemochuda Townland|Seemochuda Townland, Co. Waterford|Suí Mochuda|Q2151232|Q27|Q131438|Q184594|Q59419979|Q60555731|Q59727902|52.1994444,-7.998888888888889|5513598|50003||262|1|https://www.townlands.ie/waterford/coshmore-and-coshbride/lismore-and-mocollop/ballysaggart-more/seemochuda/|
Q85396905|en|Ardocheasty|"Ardocheasty Townland, Co. Waterford
"|Ard Ó Séasta|Q2151232|Q27|Q131438|Q184594|Q59419978|Q60553301|Q59727712|51.9441667, -7.729166666666667|5902807|50546||263,264,265|3|https://www.townlands.ie/waterford/decies-within-drum/ardmore/ardmore/ardocheasty/|descision for this townland based on http://webgis.archaeology.ie/historicenvironment/
Q85396907|en|Dromore Ogham Site|Dromore Townland, Co. Waterford|An Drom Mór|Q2151232|Q27|Q131438|Q184594|Q59419978|Q60552561||52.0644444,-7.848888888888888|5892072|49454||266,267,268|3|https://www.townlands.ie/waterford/decies-within-drum/aglish/dromore/dromore/|
Q85396845|en|Cush of Grange|Cush of Grange Townland, Co. Waterford|Cois na Gráinsí|Q2151232|Q27|Q131438|Q184594|Q59419978|Q60555715|Q59728154|51.9883333,-7.755833333333333|5902828|50630||269|1|https://www.townlands.ie/waterford/decies-within-drum/lisgenan-or-grange/grange/cush-of-grange/|
Q85396847|en|Ballyvoony Townland|Ballyvoony Townland, Co. Waterford|Baile Uí Mhúinigh|Q2151232|Q27|Q131438|Q184594|Q59419975|Q60556758|Q59727810|52.1333333,-7.439166666666667|5675582|49702||270,271|2|https://www.townlands.ie/waterford/decies-without-drum/stradbally/carrigcastle/ballyvoony/|
Q85396849|en|Drumlohan|Drumlohan Townland, Co. Waterford|Drom Lócháin|Q2151232|Q27|Q131438|Q184594|Q59419975|Q60556758|Q59727829|52.1630556,-7.468055555555556|5675587|49746||272,273,274,275,276,277,278,279,280,281|10|https://www.townlands.ie/waterford/decies-without-drum/stradbally/foxs-castle/drumlohan/|
Q85396851|en|Fox's Castle Ogham Site|Fox’s Castle Townland, Co. Waterford||Q2151232|Q27|Q131438|Q184594|Q59419975|Q60556758|Q59727829|52.1552778,-7.495|5700944|||282|1|https://www.townlands.ie/waterford/decies-without-drum/stradbally/foxs-castle/foxs-castle/|
Q85396944|en|Garranmillon|Garranmillon Lower Townland, Co. Waterford|Garrán Mhiolúin Íochtarach|Q2151232|Q27|Q131438|Q184594|Q59419975|Q60555390|Q59727829|52.1913889,-7.483333333333333|5678108|49738||283,284|2|https://www.townlands.ie/waterford/decies-without-drum/kilrossanty/foxs-castle/garranmillon-lower/|descision for lower based on http://webgis.archaeology.ie/historicenvironment/
Q85396852|en|Kilbeg Townland|Kilbeg Townland, Co. Waterford|An Chill Bheag|Q2151232|Q27|Q131438|Q184594|Q59419975|Q60553799|Q59727634|52.1102778,-7.544722222222222|5686922|49367||285|1|https://www.townlands.ie/waterford/decies-without-drum/clonea/clonea/kilbeg/|
Q85396854|en|Kilgrovan|Kilgrovan Townland, Co. Waterford||Q2151232|Q27|Q131438|Q184594|Q59419975|Q60554751|Q59727634|52.0905556,-7.549722222222222|5686923|||286,287,288,289,290|5|https://www.townlands.ie/waterford/decies-without-drum/kilgobnet/clonea/kilgrovan/|
Q85396911|en|Kilmolash Townland|Kilmolash Townland, Co. Waterford||Q2151232|Q27|Q131438|Q184594|Q59419975|Q60555278|Q7995790|52.1025,-7.804444444444444|5845852|||291|1|https://www.townlands.ie/waterford/decies-without-drum/kilmolash/whitechurch/kilmolash/|
Q85396914|en|Knockboy Townland|Knockboy Townland, Co. Waterford|An Cnoc Buí|Q2151232|Q27|Q131438|Q184594|Q59419975|Q60554159|Q59727760|52.1113889,-7.6|5735901|49481||292,293,294,295,296,297,298,299|8|https://www.townlands.ie/waterford/decies-without-drum/dungarvan/dungarvan-rural/knockboy/|
Q85396859|en|Old Island Ogham Site|||Q2221906|Q27|Q131438|Q184594|Q59419975|||52.1608333,-7.59||||300|1||location unknown; coordinate from https://www.townlands.ie/waterford/decies-without-drum/
Q85396862|en|Tooracurragh|Tooracurragh Townland, Co. Waterford|Tuar an Churraigh|Q2151232|Q27|Q131438|Q184594|Q59419977|Q60555382|Q59727682|52.2672222,-7.746944444444445|5639955|49201||301|1|https://www.townlands.ie/waterford/glenahiry/kilronan/graignagower/tooracurragh/|
Q85396997|en|Ballyvellon|Ballyvellon Townland, Co. Waterford|Baile Mhiolúin|Q2151232|Q27|Q131438|Q184594|Q6841625|Q60556454|Q59728092|52.185,-7.226666666666667|5651269|50492||302|1|https://www.townlands.ie/waterford/middlethird/reisk/reisk/ballyvellon/|
Q85396916|en|Ballyquin Townland|Ballyquin Townland, Co. Waterford||Q2151232|Q27|Q131438|Q184594|Q59419976|Q60554276|Q59727641|52.3111111,-7.385000000000001|5644373|||303|1|https://www.townlands.ie/waterford/upperthird/fenoagh/fenoagh/ballyquin/|descision for Barony of Upperthird based on http://webgis.archaeology.ie/historicenvironment/
Q85396978|en|Crehanagh South|Crehanagh South Townland, Co. Waterford||Q2151232|Q27|Q131438|Q184594|Q59419976|Q60554276|Q59727631|52.3305556,-7.391111111111112|5644386|||304|1|https://www.townlands.ie/waterford/upperthird/fenoagh/carrickbeg-rural/crehanagh-south/|descision for Barony of Upperthird based on http://webgis.archaeology.ie/historicenvironment/
Q85396866|en|Curraghnagarraha|Curraghnagarraha Townland, Co. Waterford||Q2151232|Q27|Q131438|Q184594|Q59419976|Q60554276|Q59727641|52.3241667,-7.379166666666666|5644389|||305|1|https://www.townlands.ie/waterford/upperthird/fenoagh/fenoagh/curraghnagarraha/|descision for Barony of Upperthird based on http://webgis.archaeology.ie/historicenvironment/
Q85396870|en|Knockalafalla|Knockalafalla Townland, Co. Waterford|Cnoc an Leathbhaile|Q2151232|Q27|Q131438|Q184594|Q59419976|Q60556380|Q59727596|52.3263889,-7.511666666666667|5642056|49103||306|1|https://www.townlands.ie/waterford/upperthird/rathgormuck/glen/knockalafalla/|descision for Barony of Upperthird based on http://webgis.archaeology.ie/historicenvironment/
Q85396919|en|Windgap or Ardmore|Windgap or Ardmore Townland, Co. Waterford|Bearna na Gaoithe|Q2151232|Q27|Q131438|Q184594|Q59419978|Q17101620|Q59727631|52.3419444,-7.487777777777778|5644403|49060||307,308|2|https://www.townlands.ie/waterford/decies-without-drum/dungarvan/dungarvan-rural/windgap/|location based on http://webgis.archaeology.ie/historicenvironment/
Q85392806|en|Carncome Townland|Carncome Townland, Co. Antrim|Carn Coim|Q2151232|Q26|Q93195|Q189592|Q2223081|Q60553887||54.8030556,-6.183333333333334|4149573|61366||309,310|2|https://www.townlands.ie/antrim/antrim-lower/connor/carncome/|
Q85392810|en|Drumconwell Townland|Drumconwell Townland, Co. Armagh|Droim Conmhaoil|Q2151232|Q26|Q93195|Q4792580|Q2328680|||54.3072222,-6.655277777777778|5326637|||311|1|https://www.townlands.ie/armagh/fews-lower/lisnadil-lower-fews-portion/drumconwell/|
Q85392813|en|Rantavan Townland|Rantavan Townland, Co. Cavan|Ráth an Tamhain|Q2151232|Q27|Q93195|Q187402|Q59419885|Q401068|Q59731556|53.805,-6.954444444444444|4630934|3796||312|1|https://www.townlands.ie/cavan/castlerahan/mullagh/mullagh/rantavan/|
Q85392823|en|Dungummin Townland|Dungummin Townland, Co. Cavan||Q2151232|Q27|Q93195|Q187402|Q59419885|||53.7944444,-7.209444444444444|4584217|||313|1|https://www.townlands.ie/cavan/clanmahon/kilbride/kilbride/dungummin-upper/|descision for lower based on http://webgis.archaeology.ie/historicenvironment/
Q85392816|en|Station Island Townland|Station Island Townland, Co. Donegal||Q2151232|Q27|Q93195|Q179424|Q59419901|Q60557016|Q2078221|54.6086111,-7.871111111111111|4087469|14203||314|1|https://www.townlands.ie/donegal/tirhugh/templecarn/pettigoe/station-island/|
Q85392831|en|Mullyknock or Topped Mountain Townland|Mullyknock or Topped Mountain Townland, Co. Fermanagh|Mullach an Chnoic|Q2151232|Q26|Q93195|Q190678|Q4279482|Q990109||54.3622222,-7.5175|3572741|121032||315|1|https://www.townlands.ie/fermanagh/tirkennedy/enniskillen/mullyknock-or-topped-mountain/|
Q85392833|en|Dunalis Townland|Dunalis Townland, Co. Londonderry|Dun-a-lios|Q2151232|Q26|Q93195|Q192208|Q5144612|Q60554145||55.1166667,-6.7444444444444445|4617106|57618||316|1|https://www.townlands.ie/dunboe/dunalis-upper/|descision for upper based on townlands.ie
Q85392826|en|Aghascrebagh Townland|Aghascrebagh Townland, Co. Tyrone|Achadh Scriobach|Q2151232|Q26|Q93195|Q192229|Q7620795|Q60553597||54.6994444,-7.047777777777777|4555833|65249||317|1|https://www.townlands.ie/tyrone/strabane-upper/bodoney-lower/aghascrebagh/|
