filename|uuid|transliteration|ogham|translation|ciic|o3d|w|h|d|site|label|townland|barony|geom_found|geom_orig|geom_lastrecorded|webgis|persons|formula|sitetype
4._Kilmannin.xml|f5433f22d754|LUGADDON MAQ/I LUGU/DEC DDISI/ MOCQUS/EL|      ᚂᚒᚌᚐᚇᚇᚑᚅ    ᚋᚐᚊᚔ  ᚂᚒᚌᚒᚇᚓᚉ  ᚇᚇᚔᚄᚔ  ᚋᚑᚉᚊᚒᚄᚓᚂ|      ᚂᚒᚌᚐᚇᚇᚑᚅ    ᚋᚐᚊᚔ  ᚂᚒᚌᚒᚇᚓᚉ  ᚇᚇᚔᚄᚔ  ᚋᚑᚉᚊᚒᚄᚓᚂ|4|4._Kilmannin|0.51|1.22|0.3|Q72006009|CIIC 4. Kilmannin|Kilmannin|Costello|-8.765218,53.773045||-6.254558,53.340408|MA093-045003-|['LUGADDON', 'LUGUDECAS']||Ecclesiastical
10._Breastagh.xml|7533b54336e3|Dexter angle: LGG SDLENGESCAD Sinister angle: MAQ CORRBRI MAQ AMMLLONGITT|ᚇᚓᚈᚓᚏ  ᚐᚅᚌᚂᚓ    ᚂᚌᚌ  ᚄᚇᚂᚓᚅᚌᚓᚄᚉᚐᚇ    ᚄᚔᚅᚔᚄᚈᚓᚏ  ᚐᚅᚌᚂᚓ    ᚋᚐᚊ  ᚉᚑᚏᚏᚁᚏᚔ    ᚋᚐᚊ  ᚐᚋᚋᚂᚂᚑᚅᚌᚔᚈᚈ   |ᚇᚓᚈᚓᚏ  ᚐᚅᚌᚂᚓ    ᚂᚌᚌ  ᚄᚇᚂᚓᚅᚌᚓᚄᚉᚐᚇ    ᚄᚔᚅᚔᚄᚈᚓᚏ  ᚐᚅᚌᚂᚓ    ᚋᚐᚊ  ᚉᚑᚏᚏᚁᚏᚔ    ᚋᚐᚊ  ᚐᚋᚋᚂᚂᚑᚅᚌᚔᚈᚈ   |10|10._Breastagh|0.76|3.66|0.6|Q85390394|CIIC 10. Breastagh|Breastagh|Tirawley|-9.254148, 54.246617|||MA015-018001-|||Unassociated
11._Drummin_I.xml|4e1132e300d6|CUNOVATO|  ᚉᚒᚅᚑᚃᚐᚈᚑ   |  ᚉᚒᚅᚑᚃᚐᚈᚑ   |11|11._Drummin_I|0.41|1.09|0.51|Q85390417|CIIC 11. Drummin I|Drummin|Castlereagh|-8.369881, 53.834383|||RO015-051001-|||Ringfort/rath
12._Rathcroghan_I.xml|292b2ab37452|VRAICCI/ MAQI MEDVVI|  ᚃᚏᚐᚔᚉᚉᚔ  ᚋᚐᚊᚔ  ᚋᚓᚇᚃᚃᚔ   |  ᚃᚏᚐᚔᚉᚉᚔ  ᚋᚐᚊᚔ  ᚋᚓᚇᚃᚃᚔ   |12|12._Rathcroghan_I|0.48|1.23|0.16|Q85390711|CIIC 12. Rathcroghan I|Glenballythomas|Castlereagh|-8.310399, 53.797323|||RO022-057030-|['VRAICCI', 'MEDVVI']||Souterrain at ancient royal site
13._Rathcroghan_II.xml|83161eee0d3a|MAQ REGAS MUCOI|  ᚋᚐᚊ  ᚏᚓᚌᚐᚄ  ᚋᚒᚉᚑᚔ   |  ᚋᚐᚊ  ᚏᚓᚌᚐᚄ  ᚋᚒᚉᚑᚔ   |13|13._Rathcroghan_II|0.56|1.4|0.25|Q85390711|CIIC 13. Rathcroghan II|Glenballythomas|Castlereagh|-8.310399, 53.797323|||RO022-057084-|||Souterrain at ancient royal site
15._Clonmore.xml|501c88f2607a|Macalister (1945, 18): RENI|ᚋᚐᚉᚐᚂᚔᚄᚈᚓᚏ          ᚏᚓᚅᚔ |ᚋᚐᚉᚐᚂᚔᚄᚈᚓᚏ          ᚏᚓᚅᚔ |15|15._Clonmore|0.3|0.78|0.22|Q85391717|CIIC 15. Clonmore|Glebe|Rathvilly|-6.570066,52.827385|||CW009-028021-|||Ecclesiastical
16._Rathglass.xml|9c09281c7e27|DUNAIDONAS/ MAQI MARIANI|    ᚇᚒᚅᚐᚔᚇᚑᚅᚐᚄ    ᚋᚐᚊᚔ  ᚋᚐᚏᚔᚐᚅᚔ   |    ᚇᚒᚅᚐᚔᚇᚑᚅᚐᚄ    ᚋᚐᚊᚔ  ᚋᚐᚏᚔᚐᚅᚔ   |16|16._Rathglass|0.62|1.3|0.82|Q85391648|CIIC 16. Rathglass|Rathglass|Rathvilly|-6.720154, 52.784779|||CW013-018001-|['DUNAIDONAS', 'MARIANI']||Standing stone pair
17._Tuckamine.xml|b17a6241bf11|...MUCOI MUCCI...|  ᚋᚒᚉᚑᚔ  ᚋᚒᚉᚉᚔ |  ᚋᚒᚉᚑᚔ  ᚋᚒᚉᚉᚔ |17|17._Tuckamine|0.34|1.12|0.27|Q85391650|CIIC 17. Tuckamine|Tuckamine|Rathvilly||-6.729169,52.843555|-6.254558,53.340408|CW003-023----|||Possible Ecclesiastical
19._Colbinstown_I.xml|8166cb89a3a3|Ogham: OVANOS AVI I/VACA/TTOS Roman: IVVEn/rE DRVVIDES|    ᚑᚌᚆᚐᚋ  ᚑᚃᚐᚅᚑᚄ  ᚐᚃᚔ  ᚔᚃᚐᚉᚐᚈᚈᚑᚄ    ᚏᚑᚋᚐᚅ  ᚔᚃᚃᚓᚅᚏᚓ  ᚇᚏᚃᚃᚔᚇᚓᚄ |    ᚑᚌᚆᚐᚋ  ᚑᚃᚐᚅᚑᚄ  ᚐᚃᚔ  ᚔᚃᚐᚉᚐᚈᚈᚑᚄ    ᚏᚑᚋᚐᚅ  ᚔᚃᚃᚓᚅᚏᚓ  ᚇᚏᚃᚃᚔᚇᚓᚄ |19|19._Colbinstown_I|0.28|1.57|0.28|Q85391762|CIIC 19. Colbinstown I|Killeen Cormac||-6.760943, 53.028577||-6.254558,53.340408|KD032-044001-|['OVANOS', 'IVACATTOS']||Ecclesiastical
20._Colbinstown_II.xml|d388f9a43557|Macalister (from cast) MAQI-DDECCEDA MAQI MARIN|  ᚋᚐᚉᚐᚂᚔᚄᚈᚓᚏ  ᚃᚏᚑᚋ  ᚉᚐᚄᚈ      ᚋᚐᚊᚔᚇᚇᚓᚉᚉᚓᚇᚐ    ᚋᚐᚊᚔ    ᚋᚐᚏᚔᚅ   |  ᚋᚐᚉᚐᚂᚔᚄᚈᚓᚏ  ᚃᚏᚑᚋ  ᚉᚐᚄᚈ      ᚋᚐᚊᚔᚇᚇᚓᚉᚉᚓᚇᚐ    ᚋᚐᚊᚔ    ᚋᚐᚏᚔᚅ   |20|20._Colbinstown_II|nan|nan|nan|Q85391762|CIIC 20. Colbinstown II|Killeen Cormac|Colbinstown|-6.761020, 53.028337||-6.254558,53.340408|KD032-044002-|['MAQI-DECEDAS', 'MARIN']||Ecclesiastical
22._Colbinstown_IV.xml|b52172b0b8b6|EGNI KOI MAQI MUC/OI AI|    ᚓᚌᚅᚔ  ᚕᚑᚔ  ᚋᚐᚊᚔ  ᚋᚒᚉᚑᚔ    ᚐᚔ |    ᚓᚌᚅᚔ  ᚕᚑᚔ  ᚋᚐᚊᚔ  ᚋᚒᚉᚑᚔ    ᚐᚔ |22|22._Colbinstown_IV|0.48|1.6|0.41|Q85391762|CIIC 22. Colbinstown IV|Killeen Cormac|Colbinstown|-6.761012, 53.028493|||KD032-044004-||['KOI', 'MAQI', 'MUCOI']|Ecclesiastical
23._Colbinstown_V.xml|2769b32932dc|AVSSMAQVS|  ᚐᚃᚄᚄᚋᚐᚊᚃᚄ|  ᚐᚃᚄᚄᚋᚐᚊᚃᚄ|23|23._Colbinstown_V|0.5|1.0|0.28|Q85391762|CIIC 23. Colbinstown V|Killeen Cormac|Colbinstown|-6.760801, 53.028514|||KD032-044005-|||Ecclesiastical
25._Colbinstown_VII.xml|340acd6ed5ef|LA|  ᚂᚐ |  ᚂᚐ |25|25._Colbinstown_VII|0.37|0.36|0.23|Q85391762|CIIC 25. Colbinstown|Killeen Cormac|Colbinstown|-6.760951, 53.028323|||KD032-044007-|||Ecclesiastical
26._Donaghmore.xml|fbc0280fb0ed|NETTAVROICC/ MAQI MUCCOI TRENALUGGO|    ᚅᚓᚈᚈᚐᚃᚏᚑᚔᚉᚉ  ᚋᚐᚊᚔ  ᚋᚒᚉᚉᚑᚔ  ᚈᚏᚓᚅᚐᚂᚒᚌᚌᚑ |    ᚅᚓᚈᚈᚐᚃᚏᚑᚔᚉᚉ  ᚋᚐᚊᚔ  ᚋᚒᚉᚉᚑᚔ  ᚈᚏᚓᚅᚐᚂᚒᚌᚌᚑ |26|26._Donaghmore|0.36|0.76|0.23|Q85391654|CIIC 26. Donaghmore|Donaghmore|North Salt|-6.552921, 53.377091||-6.254558,53.340408|KD006-005002-|['NETTAVROICC', 'TRENALUGGO?']|['MAQI', 'MUCOI']|Ecclesiastical
28._Churchclara_I.xml|dd54c7ab4159|TASEGAGNI/ MAQ/ I MUCOI MACORBO|  ᚈᚐᚄᚓᚌᚐᚌᚅᚔ  ᚋᚐᚊ  ᚔ    ᚋᚒᚉᚑᚔ    ᚋᚐᚉᚑᚏᚁᚑ |  ᚈᚐᚄᚓᚌᚐᚌᚅᚔ  ᚋᚐᚊ  ᚔ    ᚋᚒᚉᚑᚔ    ᚋᚐᚉᚑᚏᚁᚑ |28|28._Churchclara_I|0.2|1.57|nan|Q85391656|CIIC 28. Churchclara I|||-7.145972, 52.655460|||KK020-017003-|['TASEGAGNI', 'MACORBO?']|['MAQI', 'MUCOI']|Ecclesiastical
31._Fiddaun_Upper.xml|3aa498d60686|DRUGNO MAQI/ MUCOI NAMI|  ᚇᚏᚒᚌᚅᚑ  ᚋᚐᚊᚔ  ᚋᚒᚉᚑᚔ  ᚅᚐᚋᚔ |  ᚇᚏᚒᚌᚅᚑ  ᚋᚐᚊᚔ  ᚋᚒᚉᚑᚔ  ᚅᚐᚋᚔ |31|31._Fiddaun_Upper|0.76|2.06|0.5|Q85391658|CIIC 31. Fiddaun|Fiddaun Upper|Gowran|-7.037871, 52.522596|||KK029-020----|||Unassociated
32._Gowran.xml|2a5adb759cf0|MAQI ERACIAS MAQI/ DIMAQA MUCOI|  ᚋᚐᚊᚔ  ᚓᚏᚐᚉᚔᚐᚄ  ᚋᚐᚊᚔ  ᚇᚔᚋᚐᚊᚐ  ᚋᚒᚉᚑᚔ |  ᚋᚐᚊᚔ  ᚓᚏᚐᚉᚔᚐᚄ  ᚋᚐᚊᚔ  ᚇᚔᚋᚐᚊᚐ  ᚋᚒᚉᚑᚔ |32|32._Gowran|0.38|1.5|0.3|Q85391704|CIIC 32. Gowran|||-7.064559, 52.628962|||KK020-060007-|['ERACIAS', 'DIMAQA']|['MAQI', 'MAQI', 'MUCOI']|Ecclesiastical
34._Legan.xml|4384fdeb4d93|Barry (1896, 126): LOBBI KOI MAQQI MUC/COI IR/EI Macalister (1945, 38-9): LOBBI KOI MAQQI MUC/COI R/INI McManus (1991, 67): LL MAQQI mUC/COI|ᚁᚐᚏᚏ          ᚂᚑᚁᚁᚔ  ᚕᚑᚔ  ᚋᚐᚊᚊᚔ  ᚋᚒᚉᚉᚑᚔ  ᚔᚏᚓᚔ  ᚋᚐᚉᚐᚂᚔᚄᚈᚓᚏ          ᚂᚑᚁᚁᚔ  ᚕᚑᚔ  ᚋᚐᚊᚊᚔ  ᚋᚒᚉᚉᚑᚔ  ᚏᚔᚅᚔ  ᚋᚉᚋᚐᚅᚒᚄ        ᚂᚂ  ᚋᚐᚊᚊᚔ  ᚋᚒᚉᚉᚑᚔ   |ᚁᚐᚏᚏ          ᚂᚑᚁᚁᚔ  ᚕᚑᚔ  ᚋᚐᚊᚊᚔ  ᚋᚒᚉᚉᚑᚔ  ᚔᚏᚓᚔ  ᚋᚐᚉᚐᚂᚔᚄᚈᚓᚏ          ᚂᚑᚁᚁᚔ  ᚕᚑᚔ  ᚋᚐᚊᚊᚔ  ᚋᚒᚉᚉᚑᚔ  ᚏᚔᚅᚔ  ᚋᚉᚋᚐᚅᚒᚄ        ᚂᚂ  ᚋᚐᚊᚊᚔ  ᚋᚒᚉᚉᚑᚔ   |34|34._Legan|0.51|2.03|0.42|Q85391706|CIIC 34. Legan|Legan|Gowran|-7.162888, 52.534804|||KK028-026002-|||Castle
35._Tullaherin_I.xml|2a3617ae3fa3|VIR|  ᚃᚔᚏ |  ᚃᚔᚏ |35|35._Tullaherin_I|0.51|0.7|0.27|Q85391735|CIIC 35. Tullaherin I|||-7.129917, 52.579293|||KK024-062005-|||Ecclesiastical
36._Lamoge_I.xml|ae4c8c51c307|SEVERRIT/ MAQI/ ROTTAIS|  ᚄᚓᚃᚓᚏᚏᚔᚈ  ᚋᚐᚊᚔ  ᚏᚑᚈᚈᚐᚔᚄ |  ᚄᚓᚃᚓᚏᚏᚔᚈ  ᚋᚐᚊᚔ  ᚏᚑᚈᚈᚐᚔᚄ |36|36._Lamoge_I|0.66|1.37|0.3|Q85391666|CIIC 36. Lamoge I|Lamoge|Kells|-7.365943, 52.446598|||KK034-013003-|['SEVERRIT', 'ROTTAIS']||Ecclesiastical
37._Lamoge_II.xml|311409ff69d7|DOVATUC/QI AV/I/ TULOTANAGIA|  ᚇᚑᚃᚐᚈᚒᚉᚊᚔ  ᚐᚃᚔ  ᚈᚒᚂᚑᚈᚐᚅᚐᚌᚔᚐ |  ᚇᚑᚃᚐᚈᚒᚉᚊᚔ  ᚐᚃᚔ  ᚈᚒᚂᚑᚈᚐᚅᚐᚌᚔᚐ |37|37._Lamoge_II|0.38|1.37|0.28|Q85391666|CIIC 37. Lamoge II|Lamoge|Kells|-7.365943, 52.446598|||KK034-013004-|['DOVATUCI', 'TULOTANAGIA']||Ecclesiastical
38._Ballyboodan.xml|b0a9373f3e1b|CORBI KOI MAQI LABRID|    ᚉᚑᚏᚁᚔ  ᚕᚑᚔ  ᚋᚐᚊᚔ  ᚂᚐᚁᚏᚔᚇ   |    ᚉᚑᚏᚁᚔ  ᚕᚑᚔ  ᚋᚐᚊᚔ  ᚂᚐᚁᚏᚔᚇ   |38|38._Ballyboodan|1.75|2.31|0.23|Q69378747|CIIC 38. Ballyboodan|Ballyboodan|Knocktopher|-7.222584, 52.470256|||KK031-058----|['CORBI', 'LABRID']|['KOI', 'MAQI']|Unassociated
40._Painestown.xml|cc0babeca6e8|MAQI-CAIRATINI AVI INEQAGLAS|    ᚋᚐᚊᚔᚉᚐᚔᚏᚐᚈᚔᚅᚔ  ᚐᚃᚔ  ᚔᚅᚓᚊᚐᚌᚂᚐᚄ |    ᚋᚐᚊᚔᚉᚐᚔᚏᚐᚈᚔᚅᚔ  ᚐᚃᚔ  ᚔᚅᚓᚊᚐᚌᚂᚐᚄ |40|40._Painestown|0.76|2.24|0.33|Q85391671|CIIC 40. Painestown||Duleek Lower|-6.565704,53.667656||-6.254558,53.340408|ME026-009----|['MAQI-CAIRATINI', 'INEQAGLAS']||Unassociated
46._Houseland.xml|bb7640823cda|SEDANI MAQI CATTABBOTT AVVI DERCMASOC|    ᚄᚓᚇᚐᚅᚔ  ᚋᚐᚊᚔ  ᚉᚐᚈᚈᚐᚁᚁᚑᚈᚈ  ᚐᚃᚃᚔ  ᚇᚓᚏᚉᚋᚐᚄᚑᚉ |    ᚄᚓᚇᚐᚅᚔ  ᚋᚐᚊᚔ  ᚉᚐᚈᚈᚐᚁᚁᚑᚈᚈ  ᚐᚃᚃᚔ  ᚇᚓᚏᚉᚋᚐᚄᚑᚉ |46|46._Houseland|0.3|1.18|0.2|Q85391680|CIIC 46. Houseland|Portersgate|Shelburne|-6.889553, 52.151461||-6.254558,53.340408|WX054-004----|['SEDANI', 'CATTABBOTT', 'DERCMASOC']|['MAQI', 'AVI']|Ecclesiastical
47._Castletimon.xml|a54086715573|NETACARI NETACAGI|  ᚅᚓᚈᚐᚉᚐᚏᚔ    ᚅᚓᚈᚐᚉᚐᚌᚔ |  ᚅᚓᚈᚐᚉᚐᚏᚔ    ᚅᚓᚈᚐᚉᚐᚌᚔ |47|47._Castletimon|0.48|1.5|0.25|Q85391708|CIIC 47. Castletimon|Castletimon|Arklow|-6.071241, 52.904532|||WI036-010----|['NETA-CARI', 'NETA-CAGI']||Unassociated
48._Donard.xml|2d7e35209124|IAQINI KOI/ MAQI MUCOI|  ᚔᚐᚊᚔᚅᚔ  ᚕᚑᚔ  ᚋᚐᚊᚔ  ᚋᚒᚉᚑᚔ |  ᚔᚐᚊᚔᚅᚔ  ᚕᚑᚔ  ᚋᚐᚊᚔ  ᚋᚒᚉᚑᚔ |48|48._Donard|0.69|1.52|0.53|Q85391710|CIIC 48. Donard|||-6.633596,53.009083||-6.613237,53.021622|WI021-004----||['KOI', 'MAQI', 'MUCOI']|Standing stone pair
49._Baltinglass.xml|fe8fc43e21e5|Fragment 1 - CCI MAQ Fragment 2 - INI|  ᚃᚏᚐᚌᚋᚓᚅᚈ      ᚉᚉᚔ  ᚋᚐᚊ  ᚃᚏᚐᚌᚋᚓᚅᚈ      ᚔᚅᚔ |  ᚃᚏᚐᚌᚋᚓᚅᚈ      ᚉᚉᚔ  ᚋᚐᚊ  ᚃᚏᚐᚌᚋᚓᚅᚈ      ᚔᚅᚔ |49|49._Baltinglass|0.51|0.67|0.03|Q85391683|CIIC 49. Baltinglass|Baltinglass|Upper Talbotstown||-6.711032, 52.940557|-6.254558,53.340408|WI027-079----|||Unknown
50._Boleycarrigeen.xml|49e30d1fcf45|VOTI|  ᚃᚑᚈᚔ |  ᚃᚑᚈᚔ |50|50._Boleycarrigeen|0.3|0.76|0.28|Q85391685|CIIC 50. Boleycarrigeen|Crossoona|UpperTalbotstown|-6.613903,52.944176|||WI027-038002-|||Ringfort/rath
51._Knickeen.xml|b555a9260a4b|MAQI NILI|  ᚋᚐᚊᚔ  ᚅᚔᚂᚔ |  ᚋᚐᚊᚔ  ᚅᚔᚂᚔ |51|51._Knickeen|2.03|2.37|0.58|Q85391711|CIIC 51. Knickeen|Knickeen|Upper Talbotstown|-6.536390, 52.995927|||WI022-012----|||Unassociated
57._Greenhill_I.xml|9f6caec7e5e7|TRENU MAQI MUCOI QRITTI|      ᚈᚏᚓᚅᚒ  ᚋᚐᚊᚔ  ᚋᚒᚉᚑᚔ    ᚊᚏᚔᚈᚈᚔ |      ᚈᚏᚓᚅᚒ  ᚋᚐᚊᚔ  ᚋᚒᚉᚑᚔ    ᚊᚏᚔᚈᚈᚔ |57|57._Greenhill_I|0.72|2.6|0.35|Q72006007|CIIC 57. Greenhill I|Greenhill|Barretts|-8.606844, 52.077595|||CO042-049002-|['TRENU', 'QRITTI']|['MAQI', 'MUCOI']|Unassociated
58._Greenhill_II.xml|b65f5ba55b2b|CATTUBUTTAS MAQI|      ᚉᚐᚈᚈᚒᚁᚒᚈᚈᚐᚄ  ᚋᚐᚊᚔ   |      ᚉᚐᚈᚈᚒᚁᚒᚈᚈᚐᚄ  ᚋᚐᚊᚔ   |58|58._Greenhill_II|0.46|1.54|0.36|Q72006007|CIIC 58. Greenhill II|Greenhill|Barretts|-8.606904, 52.078037|||CO042-049001-|||Unassociated
66._Faunkill_and_the_Woods.xml|b4eccb141b4f|MAQI-DECCEDDAS AVI TURANIAS|      ᚋᚐᚊᚔᚇᚓᚉᚉᚓᚇᚇᚐᚄ  ᚐᚃᚔ    ᚈᚒᚏᚐᚅᚔᚐᚄ |      ᚋᚐᚊᚔᚇᚓᚉᚉᚓᚇᚇᚐᚄ  ᚐᚃᚔ    ᚈᚒᚏᚐᚅᚔᚐᚄ |66|66._Faunkill_and_the_Woods|1.02|4.7|0.32|Q85393998|CIIC 66. Faunkill and the Woods|Faunkill and the Woods|Bear|-9.944582, 51.712874|||CO102-013----|['MAQI-DECEDAS', 'TURANIAS']||Standing stone
69._Ahalisky_I.xml|b2c28612e611|GIRAGNI|    ᚌᚔᚏᚐᚌᚅᚔ   |    ᚌᚔᚏᚐᚌᚅᚔ   |69|69._Ahalisky_I|0.36|1.35|0.34|Q85394002|CIIC 69. Ahalisky I|Ahalisky|East Carbery|-8.847020, 51.681206||-6.254558,53.340408|CO122-049003-|||Souterrain
70._Ahalisky_II.xml|47aa24eacd03|CUNAGUSOS MAQI MUCOI VIRA/GNI|    ᚉᚒᚅᚐᚌᚒᚄᚑᚄ  ᚋᚐᚊᚔ  ᚋᚒᚉᚑᚔ  ᚃᚔᚏᚐᚌᚅᚔ   |    ᚉᚒᚅᚐᚌᚒᚄᚑᚄ  ᚋᚐᚊᚔ  ᚋᚒᚉᚑᚔ  ᚃᚔᚏᚐᚌᚅᚔ   |70|70._Ahalisky_II|0.64|1.52|0.22|Q85394002|CIIC 70. Ahalisky II|Ahalisky|East Carbery|-8.847020, 51.681206||-6.254558,53.340408|CO122-049004-|['CUNAGUSOS', 'VIRAGNI']|['MAQI', 'MUCOI']|Souterrain
71._Ahalisky_III.xml|a43c6c9a91f2|COIMAGNI MAQI MOCOI G|      ᚉᚑᚔᚋᚐᚌᚅᚔ    ᚋᚐᚊᚔ  ᚋᚑᚉᚑᚔ  ᚌ   |      ᚉᚑᚔᚋᚐᚌᚅᚔ    ᚋᚐᚊᚔ  ᚋᚑᚉᚑᚔ  ᚌ   |71|71._Ahalisky_III|0.3|0.97|0.13|Q85394002|CIIC 71. Ahalisky III|Ahalisky|East Carbery|-8.847020, 51.681206||-6.254558,53.340408|CO122-049005-|||Souterrain
79._Rathcanning_I.xml|7cf66105eabc|TULENA MUC RAN|    ᚈᚒᚂᚓᚅᚐ  ᚋᚒᚉ  ᚏᚐᚅ   |    ᚈᚒᚂᚓᚅᚐ  ᚋᚒᚉ  ᚏᚐᚅ   |79|79._Rathcanning_I|0.61|1.73|0.14|Q85393934|CIIC 79. Rathcanning I|Glenaphuca|Imokilly|-8.072074, 51.968058|-8.075929, 51.971264|-7.293729, 53.299464|CO066-009----|||Possible souterrain
80._Rathcanning_II.xml|a17a5522f8d9|?M?|    ᚋ     |    ᚋ     |80|80._Rathcanning_II|0.1|0.23|0.1|Q85393934|CIIC 80. Rathcanning II|Glenaphuca|Imokilly|-8.075929, 51.971264||-6.254558,53.340408|CO066-053----|||Ringfort
97._Ballyhank_I.xml|09dc6e957b34|LL MAQI VORR/TIGUR/N|  ᚂᚂ  ᚋᚐᚊᚔ  ᚃᚑᚏᚏᚈᚔᚌᚒᚏᚅ |  ᚂᚂ  ᚋᚐᚊᚔ  ᚃᚑᚏᚏᚈᚔᚌᚒᚏᚅ |97|97._Ballyhank_I|0.3|0.6|0.1|Q85394010|CIIC 97. Ballyhank I|Ballyhank|East Muskerry|-8.609923,51.831600||-6.254558,53.340408|CO085-067003-|||Souterrain
98._Ballyhank_II.xml|c173271b136a|CORBAGNI/ KOI MAQI MOC/COI COROTANI|    ᚉᚑᚏᚁᚐᚌᚅᚔ  ᚕᚑᚔ  ᚋᚐᚊᚔ  ᚋᚑᚉᚉᚑᚔ  ᚉᚑᚏᚑᚈᚐᚅᚔ |    ᚉᚑᚏᚁᚐᚌᚅᚔ  ᚕᚑᚔ  ᚋᚐᚊᚔ  ᚋᚑᚉᚉᚑᚔ  ᚉᚑᚏᚑᚈᚐᚅᚔ |98|98._Ballyhank_II|0.4|0.9|0.2|Q85394010|CIIC 98. Ballyhank II|Ballyhank|East Muskerry|-8.609923,51.831600||-10.405999, 52.166581|CO085-067004-|['CORBAGNI', 'COROTANI']|['KOI?', 'MAQI', 'MUCOI']|Souterrain
99._Ballyhank_III.xml|dbe7e20ff13a|SACATTI/NI|  ᚄᚐᚉᚐᚈᚈᚔᚅᚔ |  ᚄᚐᚉᚐᚈᚈᚔᚅᚔ |99|99._Ballyhank_III|0.5|1.2|0.25|Q85394010|CIIC 99. Ballyhank III|Ballyhank|East Muskerry|-8.609923,51.831600||-6.254558,53.340408|CO085-067005-|||Souterrain
100._Ballyhank_IV.xml|858d875291e8|AB ULCCAGNI|    ᚐᚁ  ᚒᚂᚉᚉᚐᚌᚅᚔ |    ᚐᚁ  ᚒᚂᚉᚉᚐᚌᚅᚔ |100|100._Ballyhank_IV|0.6|1.3|0.2|Q85394010|CIIC 100. Ballyhank IV|Ballyhank|East Muskerry|-8.609923,51.831600||-6.254558,53.340408|CO085-067006-|||Souterrain
101._Ballyhank_V.xml|c62c122c4252|MAQI-ESE/A MAQI DOMANE/QI|    ᚋᚐᚊᚔᚓᚄᚓᚐ  ᚋᚐᚊᚔ  ᚇᚑᚋᚐᚅᚓᚊᚔ |    ᚋᚐᚊᚔᚓᚄᚓᚐ  ᚋᚐᚊᚔ  ᚇᚑᚋᚐᚅᚓᚊᚔ |101|101._Ballyhank_V|0.5|1.4|0.4|Q85394010|CIIC 101. Ballyhank V|Ballyhank|East Muskerry|-8.609923,51.831600||-6.254558,53.340408|CO085-067007-|['MAQI-ESEA', 'DOMANEQI']||Souterrain
102._Ballyhank_VI.xml|833445cbf142|DILOGONN|  ᚇᚔᚂᚑᚌᚑᚅᚅ |  ᚇᚔᚂᚑᚌᚑᚅᚅ |102|102._Ballyhank_VI|0.3|1.1|0.3|Q85394010|CIIC 102. Ballyhank VI|Ballyhank|East Muskerry|-8.609923,51.831600||-6.254558,53.340408|CO085-067008-|||Souterrain
118._Monataggart_I.xml|c3d23899a63d|VEQREQ MOQOI GLUNLEGGET|      ᚃᚓᚊᚏᚓᚊ    ᚋᚑᚊᚑᚔ  ᚌᚂᚒᚅᚂᚓᚌᚌᚓᚈ |      ᚃᚓᚊᚏᚓᚊ    ᚋᚑᚊᚑᚔ  ᚌᚂᚒᚅᚂᚓᚌᚌᚓᚈ |118|118._Monataggart_I|0.43|2.2|0.3|Q85394081|CIIC 118. Monataggart I|Monataggart|Donoughmore|-8.787796,51.976513||-6.254558,53.340408|CO061-022002-|['VEQREQ', 'GLUNLEGGET']||Long cist burial?
119._Monataggart_II.xml|a1eaafbf938b|DALAGNI MAQI DALI|    ᚇᚐᚂᚐᚌᚅᚔ    ᚋᚐᚊᚔ  ᚇᚐᚂᚔ   |    ᚇᚐᚂᚐᚌᚅᚔ    ᚋᚐᚊᚔ  ᚇᚐᚂᚔ   |119|119._Monataggart_II|0.39|0.91|0.11|Q85394081|CIIC 119. Monataggart II|Monataggart|Donoughmore|-8.787796,51.976513||-6.254558,53.340408|CO061-022003-|['DALAGNI', 'DALI']||Souterrain
120._Monataggart_III.xml|ade7eec65620|BROINIENAS KOI NETTA-TTRENALUGOS|    ᚁᚏᚑᚔᚅᚔᚓᚅᚐᚄ  ᚕᚑᚔ  ᚅᚓᚈᚈᚐᚈᚈᚏᚓᚅᚐᚂᚒᚌᚑᚄ |    ᚁᚏᚑᚔᚅᚔᚓᚅᚐᚄ  ᚕᚑᚔ  ᚅᚓᚈᚈᚐᚈᚈᚏᚓᚅᚐᚂᚒᚌᚑᚄ |120|120._Monataggart_III|0.36|1.88|0.27|Q85394081|CIIC 120. Monataggart III|Monataggart|Donoughmore|-8.787796,51.976513||-6.254558,53.340408|CO061-022004-|['BROINIENAS', 'NETTA-TTRENALUGOS']||Souterrain
136._Ardfert_I.xml|31e99154b9c0|CTAN/QLOG|  ᚉᚈᚐᚅᚊᚂᚑᚌ |  ᚉᚈᚐᚅᚊᚂᚑᚌ |136|136._Ardfert_I|0.3|1.22|0.28|Q85394024|CIIC 136. Ardfert I|Ardfert|Clanmaurice|-9.781661, 52.328526|||KE020-046018-|||Ecclesiastical
141._Aglish_I.xml|32483a6a4c7d|MAQI MAQI/OGGODIKA|    ᚋᚐᚊᚔ  ᚋᚐᚊᚔᚑᚌᚌᚑᚇᚔᚕᚐ |    ᚋᚐᚊᚔ  ᚋᚐᚊᚔᚑᚌᚌᚑᚇᚔᚕᚐ |141|141._Aglish_I|0.25|0.88|0.05|Q85393955|CIIC 141. Aglish|Aglish|Corkaguiney|-10.137728, 52.136060||-6.254558,53.340408|KE054-032003-|||Ecclesiastical
142._Aglish_II.xml|c8eed50068f9|CELI AVI VUD?|    ᚉᚓᚂᚔ  ᚐᚃᚔ    ᚃᚒᚇ |    ᚉᚓᚂᚔ  ᚐᚃᚔ    ᚃᚒᚇ |142|142._Aglish_II|0.25|0.9|nan|Q85393955|CIIC 142. Aglish|Aglish|Corkaguiney|-10.137728, 52.136060|||KE054-032004-|||Ecclesiastical
145._Arraglen.xml|07c83e870e97|QRIMITIR RO/NA/NN MAQ COMOGANN|  ᚊᚏᚔᚋᚔᚈᚔᚏ  ᚏᚑᚅᚐᚅᚅ  ᚋᚐᚊ  ᚉᚑᚋᚑᚌᚐᚅᚅ |  ᚊᚏᚔᚋᚔᚈᚔᚏ  ᚏᚑᚅᚐᚅᚅ  ᚋᚐᚊ  ᚉᚑᚋᚑᚌᚐᚅᚅ |145|145._Arraglen|0.38|1.91|0.2|Q85394028|CIIC 145. Arraglen|Mt Brandon|Arraglen|-10.249772, 52.257546|||KE025-002001-|['RONANN', 'COMOGANN']||Unassociated
146._Ballineanig.xml|1df4b56e69d7|LUGUQRIT MAQI/ QRITTI|      ᚂᚒᚌᚒᚊᚏᚔᚈ    ᚋᚐᚊᚔ    ᚊᚏᚔᚈᚈᚔ   |      ᚂᚒᚌᚒᚊᚏᚔᚈ    ᚋᚐᚊᚔ    ᚊᚏᚔᚈᚈᚔ   |146|146._Ballineanig|0.2|1.17|0.12|Q85393959|CIIC 146. Ballineanig|Reask|Corkaguiney|-10.390985,52.163929||-6.254558,53.340408|KE042-151----|['LUGUQRIT', 'QRITTI']||Unassociated
147._Ballineesteenigh.xml|0879f3284d56|MOINENA MAQI OLACON|  ᚋᚑᚔᚅᚓᚅᚐ  ᚋᚐᚊᚔ  ᚑᚂᚐᚉᚑᚅ |  ᚋᚑᚔᚅᚓᚅᚐ  ᚋᚐᚊᚔ  ᚑᚂᚐᚉᚑᚅ |147|147._Ballineesteenigh|0.33|1.93|0.36|Q85393961|CIIC 147. Ballineesteenigh|Ballineesteenigh|Corkaguiney|-10.204740, 52.140119||-10.306267, 52.126711|KE043-248----|['MOINENA', 'OLACON']||Unassociated
150._Ballinrannig_III.xml|f5e7b7389c47|Macalister (1945, 146): GRAVICAS MAQI MUCOI/ DOVVINIAS Cuppage (1986, 251): NAVICAS MAQI MUCOI/ S McManus (1991, 66): GRAVICAS MAQI MUCO/|ᚋᚐᚉᚐᚂᚔᚄᚈᚓᚏ          ᚌᚏᚐᚃᚔᚉᚐᚄ  ᚋᚐᚊᚔ  ᚋᚒᚉᚑᚔ  ᚇᚑᚃᚃᚔᚅᚔᚐᚄ  ᚉᚒᚐᚌᚓ          ᚅᚐᚃᚔᚉᚐᚄ  ᚋᚐᚊᚔ  ᚋᚒᚉᚑᚔ  ᚄ    ᚋᚉᚋᚐᚅᚒᚄ      ᚌᚏᚐᚃᚔᚉᚐᚄ  ᚋᚐᚊᚔ  ᚋᚒᚉᚑ |ᚋᚐᚉᚐᚂᚔᚄᚈᚓᚏ          ᚌᚏᚐᚃᚔᚉᚐᚄ  ᚋᚐᚊᚔ  ᚋᚒᚉᚑᚔ  ᚇᚑᚃᚃᚔᚅᚔᚐᚄ  ᚉᚒᚐᚌᚓ          ᚅᚐᚃᚔᚉᚐᚄ  ᚋᚐᚊᚔ  ᚋᚒᚉᚑᚔ  ᚄ    ᚋᚉᚋᚐᚅᚒᚄ      ᚌᚏᚐᚃᚔᚉᚐᚄ  ᚋᚐᚊᚔ  ᚋᚒᚉᚑ |150|150._Ballinrannig_III|0.34|1.16|0.14|Q85394310|CIIC 150. Ballinrannig III|Ballinrannig|Corkaguiney|-10.388106, 52.178511||-10.306267, 52.126711|KE042-057008-|||Burial ground and probable ecclesiastical site
151._Ballinrannig_IV.xml|fe5a35053746|BROINIONAS|  ᚁᚏᚑᚔᚅᚔᚑᚅᚐᚄ   |  ᚁᚏᚑᚔᚅᚔᚑᚅᚐᚄ   |151|151._Ballinrannig_IV|0.26|0.82|0.25|Q85394310|CIIC 151. Ballinrannig IV|Ballinrannig|Corkaguiney|-10.388106, 52.178511||-10.306267, 52.126711|KE042-057009-|||Burial ground and probable ecclesiastical site
152._Ballinrannig_V.xml|b219744db6eb|G/LUBBIAS MAQQI/ DN/IA?S|  ᚌᚂᚒᚁᚁᚔᚐᚄ  ᚋᚐᚊᚊᚔ  ᚇᚅᚔᚐᚄ |  ᚌᚂᚒᚁᚁᚔᚐᚄ  ᚋᚐᚊᚊᚔ  ᚇᚅᚔᚐᚄ |152|152._Ballinrannig_V|0.39|0.97|0.17|Q85394310|CIIC 152. Ballinrannig V|Ballinrannig|Corkaguiney|-10.388106, 52.178511||-9.642423, 52.275865|KE042-057010-|||Burial ground and probable ecclesiastical site
153._Ballinrannig_VI.xml|fe49efeafcd5|CCICAMINI MAQ/Q/I CATTINI|  ᚉᚉᚔᚉᚐᚋᚔᚅᚔ  ᚋᚐᚊᚊᚔ  ᚉᚐᚈᚈᚔᚅᚔ |  ᚉᚉᚔᚉᚐᚋᚔᚅᚔ  ᚋᚐᚊᚊᚔ  ᚉᚐᚈᚈᚔᚅᚔ |153|153._Ballinrannig_VI|0.3|1.02|0.18|Q85394310|CIIC 153. Ballinrannig VI|Ballinrannig|Corkaguiney|-10.388106, 52.178511||-9.642423, 52.275865|KE042-057011-|['CCICAMINI', 'CATTINI']||Burial ground and probable ecclesiastical site
154._Ballinrannig_VII.xml|41d975f0de1a|CUNAMAQQI CORBBI MAQQI MUCCOI DOVVINIAS|  ᚉᚒᚅᚐᚋᚐᚊᚊᚔ  ᚉᚑᚏᚁᚁᚔ  ᚋᚐᚊᚊᚔ  ᚋᚒᚉᚉᚑᚔ  ᚇᚑᚃᚃᚔᚅᚔᚐᚄ |  ᚉᚒᚅᚐᚋᚐᚊᚊᚔ  ᚉᚑᚏᚁᚁᚔ  ᚋᚐᚊᚊᚔ  ᚋᚒᚉᚉᚑᚔ  ᚇᚑᚃᚃᚔᚅᚔᚐᚄ |154|154._Ballinrannig_VII|0.51|1.73|0.18|Q85394310|CIIC 154. Ballinrannig VII|Ballinrannig|Corkaguiney|-10.388106, 52.178511|||KE042-057003-|['CUNAMAQQI', 'CORBBI', 'DOVVINIA']|['MAQI', 'MUCOI']|Burial ground and probable ecclesiastical site
155._Ballintaggart_I.xml|510f76dce157|AKEVRITTI|  ᚐᚕᚓᚃᚏᚔᚈᚈᚔ |  ᚐᚕᚓᚃᚏᚔᚈᚈᚔ |155|155._Ballintaggart_I|0.36|0.97|0.15|Q85393964|CIIC 155. Ballintaggart|Ballintaggart|Corkaguiney|-10.243303, 52.127798|||KE053-033005-|||Ecclesiastical
156._Ballintaggart_II.xml|b573110b524e|MAQQI-IARI KOI MA/QQI MU/CCOI DOVVINIAS|  ᚋᚐᚊᚊᚔᚔᚐᚏᚔ  ᚕᚑᚔ  ᚋᚐᚊᚊᚔ  ᚋᚒᚉᚉᚑᚔ  ᚇᚑᚃᚃᚔᚅᚔᚐᚄ |  ᚋᚐᚊᚊᚔᚔᚐᚏᚔ  ᚕᚑᚔ  ᚋᚐᚊᚊᚔ  ᚋᚒᚉᚉᚑᚔ  ᚇᚑᚃᚃᚔᚅᚔᚐᚄ |156|156._Ballintaggart_II|0.33|1.07|0.13|Q85393964|CIIC 156. Ballintaggart|Ballintaggart|Corkaguiney|-10.243303,52.127798|||KE053-033006-|['MAQQI-IARI', 'DOVINIAS']|['KOI', 'MAQI', 'MUCOI']|Ecclesiastical
157._Ballintaggart_III.xml|46392e5068b5|DOVETI MAQQI/ CATTI/NI|  ᚇᚑᚃᚓᚈᚔ  ᚋᚐᚊᚊᚔ    ᚉᚐᚈᚈᚔᚅᚔ |  ᚇᚑᚃᚓᚈᚔ  ᚋᚐᚊᚊᚔ    ᚉᚐᚈᚈᚔᚅᚔ |157|157._Ballintaggart_III|0.34|0.94|0.15|Q85393964|CIIC 157. Ballintaggart|Ballintaggart|Corkaguiney|-10.243303,52.127798|||KE053-033007-|['DOVETI', 'CATTINI']||Ecclesiastical
158._Ballintaggart_IV.xml|f84cc956e3b2|SUVALLOS MAQ/QI DU/COVAROS|  ᚄᚒᚃᚐᚂᚂᚑᚄ  ᚋᚐᚊᚊᚔ    ᚇᚒᚉᚑᚃᚐᚏᚑᚄ |  ᚄᚒᚃᚐᚂᚂᚑᚄ  ᚋᚐᚊᚊᚔ    ᚇᚒᚉᚑᚃᚐᚏᚑᚄ |158|158._Ballintaggart_IV|0.36|0.56|0.13|Q85393964|CIIC 158. Ballintaggart|Ballintaggart|Corkaguiney|-10.243303,52.127798|||KE053-033008-|['SUVALLOS', 'DUCOVAROS']||Ecclesiastical
159._Ballintaggart_V.xml|ca8804c5191b|MAQI-DECCEDA/ MAQI/ GLASICONAS|    ᚋᚐᚊᚔᚇᚓᚉᚉᚓᚇᚐ    ᚋᚐᚊᚔ  ᚌᚂᚐᚄᚔᚉᚑᚅᚐᚄ |    ᚋᚐᚊᚔᚇᚓᚉᚉᚓᚇᚐ    ᚋᚐᚊᚔ  ᚌᚂᚐᚄᚔᚉᚑᚅᚐᚄ |159|159._Ballintaggart_V|0.33|1.27|0.25|Q85393964|CIIC 159. Ballintaggart|Ballintaggart|Corkaguiney|-10.243303,52.127798|||KE053-033009-|['MAQI-DECEDAS', 'GLASICONAS']||Ecclesiastical
160._Ballintaggart_VI.xml|d0a3e8223f05|TRIA MAQA MAILAGNI/ CURCITTI|    ᚈᚏᚔᚐ  ᚋᚐᚊᚐ  ᚋᚐᚔᚂᚐᚌᚅᚔ  ᚉᚒᚏᚉᚔᚈᚈᚔ |    ᚈᚏᚔᚐ  ᚋᚐᚊᚐ  ᚋᚐᚔᚂᚐᚌᚅᚔ  ᚉᚒᚏᚉᚔᚈᚈᚔ |160|160._Ballintaggart_VI|0.41|1.07|0.2|Q85393964|CIIC 160. Ballintaggart|Ballintaggart|Corkaguiney|-10.243303,52.127798|||KE053-033010-|['MAILAGNI', 'CURCITTI']||Ecclesiastical
161._Ballintaggart_VII.xml|13cd5ccaa54f|INISSIO/NAS|  ᚔᚅᚔᚄᚄᚔᚑᚅᚐᚄ |  ᚔᚅᚔᚄᚄᚔᚑᚅᚐᚄ |161|161._Ballintaggart_VII|0.33|0.97|0.2|Q85393964|CIIC 161. Ballintaggart|Ballintaggart|Corkaguiney|-10.243303,52.127798|||KE053-033011-|||Ecclesiastical
162._Ballintaggart_VIII.xml|4962e5ca62a0|CUNAMAQQI/ AVI CORBBI|  ᚉᚒᚅᚐᚋᚐᚊᚊᚔ  ᚐᚃᚔ  ᚉᚑᚏᚁᚁᚔ |  ᚉᚒᚅᚐᚋᚐᚊᚊᚔ  ᚐᚃᚔ  ᚉᚑᚏᚁᚁᚔ |162|162._Ballintaggart_VIII|0.41|1.19|0.23|Q85393964|CIIC 162. Ballintaggart|Ballintaggart|Corkaguiney|-10.243303,52.127798|||KE053-033012-|['CUNAMAQQI', 'CORBI']||Ecclesiastical
163._Ballintaggart_IX.xml|0b38292be297|NETTA-LAMINACCA KO/I MA/QQI MUCOI DOVINIAS|  ᚅᚓᚈᚈᚐᚂᚐᚋᚔᚅᚐᚉᚉᚐ  ᚕᚑᚔ  ᚋᚐᚊᚊᚔ  ᚋᚒᚉᚑᚔ  ᚇᚑᚃᚔᚅᚔᚐᚄ |  ᚅᚓᚈᚈᚐᚂᚐᚋᚔᚅᚐᚉᚉᚐ  ᚕᚑᚔ  ᚋᚐᚊᚊᚔ  ᚋᚒᚉᚑᚔ  ᚇᚑᚃᚔᚅᚔᚐᚄ |163|163._Ballintaggart_IX|0.56|1.04|0.18|Q85393964|CIIC 163. Ballintaggart|Ballintaggart|Corkaguiney|-10.243303,52.127798|||KE053-033013-|['NETTA-LAMINACCA', 'DOVINIAS']|['KOI', 'MAQI', 'MUCOI']|Ecclesiastical
166._Ballinvoher.xml|c108345488d5|COIMAGNI MAQI VITALIN|    ᚉᚑᚔᚋᚐᚌᚅᚔ  ᚋᚐᚊᚔ  ᚃᚔᚈᚐᚂᚔᚅ |    ᚉᚑᚔᚋᚐᚌᚅᚔ  ᚋᚐᚊᚔ  ᚃᚔᚈᚐᚂᚔᚅ |166|166._Ballinvoher|0.47|1.22|0.1|Q85395552|CIIC 166. Ballinvoher|Ballinvoher|Corkaguiney||-10.028243,52.168537|-6.254558,53.340408|KE045-105----|['COIMAGNI', 'VITALIN']||Unknown
170._Ballymorereagh.xml|cd3b6e77ca97|QENILOCI MAQI MAQI-AINIA MUCOI|  ᚊᚓᚅᚔᚂᚑᚉᚔ  ᚋᚐᚊᚔ  ᚋᚐᚊᚔᚐᚔᚅᚔᚐ  ᚋᚒᚉᚑᚔ |  ᚊᚓᚅᚔᚂᚑᚉᚔ  ᚋᚐᚊᚔ  ᚋᚐᚊᚔᚐᚔᚅᚔᚐ  ᚋᚒᚉᚑᚔ |170|170._Ballymorereagh|0.46|1.68|0.28|Q85395592|CIIC 170. Ballymorereagh|Ballymorereagh|Corkaguiney|-10.331399, 52.154449|||KE043-140008-|['QENILOCI', 'MAQI-AINIA']|['MAQI', 'MUCOI?']|Ecclesiastical
171._Ballynahunt.xml|5c39234f4f17|DUGENNGI MAQI RODOS|  ᚇᚒᚌᚓᚅᚅᚌᚔ  ᚋᚐᚊᚔ  ᚏᚑᚇᚑᚄ   |  ᚇᚒᚌᚓᚅᚅᚌᚔ  ᚋᚐᚊᚔ  ᚏᚑᚇᚑᚄ   |171|171._Ballynahunt|0.42|1.52|0.13|Q85395518|CIIC 171. Ballynahunt|Ballynahunt|Corkaguiney||-10.002512, 52.182976|-10.030458, 52.181881|KE045-016----|['DUGENNGI', 'RODDOS']||Possible holy well
172._Ballywiheen.xml|4a19d3780b4f|TOGITTACC MAQI SAGARETTOS|  ᚈᚑᚌᚔᚈᚈᚐᚉᚉ  ᚋᚐᚊᚔ  ᚄᚐᚌᚐᚏᚓᚈᚈᚑᚄ |  ᚈᚑᚌᚔᚈᚈᚐᚉᚉ  ᚋᚐᚊᚔ  ᚄᚐᚌᚐᚏᚓᚈᚈᚑᚄ |172|172._Ballywiheen|0.46|1.92|0.16|Q85395519|CIIC 172. Ballywiheen|Ballywiheen|Corkaguiney|-10.407534, 52.156204|-10.407357, 52.158683||KE042-093003-|['TOGITTACC[I]', 'SAG(A)RETTOS']||Stone fort/cashel (possible souterrain)
173._Brackloon.xml|925280299459|MAQI MUCCOI|      ᚋᚐᚊᚔ  ᚋᚒᚉᚉᚑᚔ   |      ᚋᚐᚊᚔ  ᚋᚒᚉᚉᚑᚔ   |173|173._Brackloon|nan|nan|nan|Q85395554|CIIC 173. Brackloon|Brackloon|Corkaguiney|-10.269093, 52.136316||-10.405999, 52.166581|KE045-081002-||['MAQI', 'MUCOI']|Possible souterrain in ringfort/rath
175._Burnham_West.xml|b50a52001c96|MAQQI-ERCCIA MAQQI MUCOI DOVINIA|  ᚋᚐᚊᚊᚔᚓᚏᚉᚉᚔᚐ  ᚋᚐᚊᚊᚔ  ᚋᚒᚉᚑᚔ  ᚇᚑᚃᚔᚅᚔᚐ |  ᚋᚐᚊᚊᚔᚓᚏᚉᚉᚔᚐ  ᚋᚐᚊᚊᚔ  ᚋᚒᚉᚑᚔ  ᚇᚑᚃᚔᚅᚔᚐ |175|175._Burnham_West|0.38|1.02|0.33|Q85395594|CIIC 175. Burnham West|Burnham West|Corkaguiney|||-10.306267, 52.126711|KE000-002----|['MAQQI-ERCCIA', 'DOVINIA']|['MAQI', 'MUCOI']|Unknown
178._Coumeenole.xml|eaefdcd88848|ERC MAQI MAQI-ERCIAS MU DOVINIA|  ᚓᚏᚉ  ᚋᚐᚊᚔ  ᚋᚐᚊᚔᚓᚏᚉᚔᚐᚄ  ᚋᚒ  ᚇᚑᚃᚔᚅᚔᚐ |  ᚓᚏᚉ  ᚋᚐᚊᚔ  ᚋᚐᚊᚔᚓᚏᚉᚔᚐᚄ  ᚋᚒ  ᚇᚑᚃᚔᚅᚔᚐ |178|178._Coumeenole|0.45|2.0|0.3|Q85395557|CIIC 178. Coumeenole|Coumeenole|Corkaguiney|-10.473639, 52.110137|||KE052-059002-|['ERC', 'MAQI-ERCIAS', 'DOVINIAS']|['MAQI', 'MUCOI?']|Promontory fort
180._Emlagh_East.xml|19c90013a8ba|BRUSCCOS MAQQI CALIACI|    ᚁᚏᚒᚄᚉᚉᚑᚄ    ᚋᚐᚊᚊᚔ    ᚉᚐᚂᚔᚐᚉᚔ   |    ᚁᚏᚒᚄᚉᚉᚑᚄ    ᚋᚐᚊᚊᚔ    ᚉᚐᚂᚔᚐᚉᚔ   |180|180._Emlagh_East|0.61|2.39|0.28|Q85395559|CIIC 180. Emlagh East|Trabeg|Emlagh East|-10.216217, 52.131625|||KE053-040----|['BRUSCCOS', 'CALIACI']||Possible Ecclesiastical
181._Emlagh_West.xml|956bc41e4f6b|TALAGNI MAQI|    ᚈᚐᚂᚐᚌᚅᚔ  ᚋᚐᚊᚔ   |    ᚈᚐᚂᚐᚌᚅᚔ  ᚋᚐᚊᚔ   |181|181._Emlagh_West|0.36|1.08|0.24|Q85395521|CIIC 181. Emlagh West|Emlagh West|Corkaguiney|-10.269093, 52.136316||-10.405999, 52.166581|KE042-167----|||Souterrain in ringfort/rath
185._Inishvickillane.xml|2e370e5a47f3|Macalister's reading (1945, 179): CO?BBA? AVI VLATIAMI MAQ...|ᚋᚐᚉᚐᚂᚔᚄᚈᚓᚏᚄ  ᚏᚓᚐᚇᚔᚅᚌ          ᚉᚑᚁᚁᚐ  ᚐᚃᚔ  ᚃᚂᚐᚈᚔᚐᚋᚔ  ᚋᚐᚊ |ᚋᚐᚉᚐᚂᚔᚄᚈᚓᚏᚄ  ᚏᚓᚐᚇᚔᚅᚌ          ᚉᚑᚁᚁᚐ  ᚐᚃᚔ  ᚃᚂᚐᚈᚔᚐᚋᚔ  ᚋᚐᚊ |185|185._Inishvickillane|0.15|1.05|0.18|Q85395526|CIIC 185. Inishvickillane|Inishvickillane|Corkaguiney|-10.606058, 52.044046||-6.256657, 53.343981|KE061-006008-|||Ecclesiastical
186._Kilfountain.xml|d5109a523cfa|Ogham: EQODDI Half-uncial: SCI FINTEN|    ᚑᚌᚆᚐᚋ  ᚓᚊᚑᚇᚇᚔ      ᚆᚐᚂᚃᚒᚅᚉᚔᚐᚂ  ᚄᚉᚔ  ᚃᚔᚅᚈᚓᚅ |    ᚑᚌᚆᚐᚋ  ᚓᚊᚑᚇᚇᚔ      ᚆᚐᚂᚃᚒᚅᚉᚔᚐᚂ  ᚄᚉᚔ  ᚃᚔᚅᚈᚓᚅ |186|186._Kilfountain|0.25|1.5|0.09|Q85395599|CIIC 186. Kilfountain|Kilfountain|Corkaguiney|-10.306496, 52.157768|||KE043-144005-|||Ecclesiastical
187._Kilmalkedar.xml|6ad4dc126c54|Remains of earlier inscription: ANM Later inscription: ANM MAILE-INBIR/ MACI BROCANN|  ᚏᚓᚋᚐᚔᚅᚄ  ᚑᚃ  ᚓᚐᚏᚂᚔᚓᚏ  ᚔᚅᚄᚉᚏᚔᚈᚔᚑᚅ  ᚐᚅᚋ  ᚂᚐᚈᚓᚏ  ᚔᚅᚄᚉᚏᚔᚈᚔᚑᚅ  ᚐᚅᚋ  ᚋᚐᚔᚂᚓᚔᚅᚁᚔᚏ  ᚋᚐᚉᚔ  ᚁᚏᚑᚉᚐᚅᚅ |  ᚏᚓᚋᚐᚔᚅᚄ  ᚑᚃ  ᚓᚐᚏᚂᚔᚓᚏ  ᚔᚅᚄᚉᚏᚔᚈᚔᚑᚅ  ᚐᚅᚋ  ᚂᚐᚈᚓᚏ  ᚔᚅᚄᚉᚏᚔᚈᚔᚑᚅ  ᚐᚅᚋ  ᚋᚐᚔᚂᚓᚔᚅᚁᚔᚏ  ᚋᚐᚉᚔ  ᚁᚏᚑᚉᚐᚅᚅ |187|187._Kilmalkedar|0.22|1.65|0.22|Q85395528|CIIC 187. Kilmalkedar|Kilmalkedar|Corkaguiney|-10.336582, 52.184757|||KE042-026001-|['MAILE-INBIR', 'BROCANN']|['ANM', 'ANM', 'MAQI']|Ecclesiastical
188._Kinard_East_I.xml|6d90bb5b2fc8|MARIANI|    ᚋᚐᚏᚔᚐᚅᚔ |    ᚋᚐᚏᚔᚐᚅᚔ |188|188._Kinard_East_I|0.53|1.8|0.28|Q85395530|CIIC 188. Kinard East|Kinard East|Corkaguiney|-10.196581, 52.126196|||KE053-053005-|||Ecclesiastical
189._Kinard_East_II.xml|c68ac2f7bef6|Macalister reading top-down (1945, 182): SANGTI LLOTETI AVI SRUSA McManus' reading up-top (1986, 21): A CURCITI VEVODDIUGWAC|ᚋᚐᚉᚐᚂᚔᚄᚈᚓᚏ  ᚏᚓᚐᚇᚔᚅᚌ  ᚈᚑᚇᚑᚅ            ᚄᚐᚅᚌᚈᚔ  ᚂᚂᚑᚈᚓᚈᚔ  ᚐᚃᚔ    ᚄᚏᚒᚄᚐ  ᚋᚉᚋᚐᚅᚒᚄ  ᚏᚓᚐᚇᚔᚅᚌ  ᚒᚈᚑ      ᚐ  ᚉᚒᚏᚉᚔᚈᚔ  ᚃᚓᚃᚑᚇᚇᚔᚒᚌᚐᚉ |ᚋᚐᚉᚐᚂᚔᚄᚈᚓᚏ  ᚏᚓᚐᚇᚔᚅᚌ  ᚈᚑᚇᚑᚅ            ᚄᚐᚅᚌᚈᚔ  ᚂᚂᚑᚈᚓᚈᚔ  ᚐᚃᚔ    ᚄᚏᚒᚄᚐ  ᚋᚉᚋᚐᚅᚒᚄ  ᚏᚓᚐᚇᚔᚅᚌ  ᚒᚈᚑ      ᚐ  ᚉᚒᚏᚉᚔᚈᚔ  ᚃᚓᚃᚑᚇᚇᚔᚒᚌᚐᚉ |189|189._Kinard_East_II|0.52|1.8|0.16|Q85395530|CIIC 189. Kinard East|Kinard East|Corkaguiney|-10.196619, 52.126261|||KE053-053002-|['LLOTETI', 'SRUSA']||Ecclesiastical
190._Lugnagappul_I.xml|0b40fe9c05ce|GOSSUCTTIAS|  ᚌᚑᚄᚄᚒᚉᚈᚈᚔᚐᚄ |  ᚌᚑᚄᚄᚒᚉᚈᚈᚔᚐᚄ |190|190._Lugnagappul_I|0.41|0.91|0.3|Q85395562|CIIC 190. Lugnagappul|Lugnagappul|Corkaguiney|-10.130758, 52.135851|||KE054-033002-|||Cairn
191._Lugnagappul_II.xml|f3de49a9be56|GAMICUNAS|  ᚌᚐᚋᚔᚉᚒᚅᚐᚄ |  ᚌᚐᚋᚔᚉᚒᚅᚐᚄ |191|191._Lugnagappul_II|0.37|0.91|0.19|Q85395562|CIIC 191. Lugnagappul|Lugnagappul|Corkaguiney|-10.130758, 52.135851|||KE054-033004-|||Cairn
192._Martramane.xml|e047bfca4e09|QENILOCAGNI MAQI D...|    ᚊᚓᚅᚔᚂᚑᚉᚐᚌᚅᚔ  ᚋᚐᚊᚔ  ᚇ |    ᚊᚓᚅᚔᚂᚑᚉᚐᚌᚅᚔ  ᚋᚐᚊᚔ  ᚇ |192|192._Martramane|0.3|1.15|0.18|Q85395622|CIIC 192. Martramane|Martramane|Corkaguiney|-10.019614, 52.257493||-6.254558,53.340408|DU018-395----|||Unknown
193._Maumanorig.xml|b1fcd90af63e|ANM COL(OLTH)MAN ALITHIR|  ᚐᚅᚋ  ᚉᚑᚂᚑᚂᚈᚆᚋᚐᚅ  ᚐᚂᚔᚈᚆᚔᚏ |  ᚐᚅᚋ  ᚉᚑᚂᚑᚂᚈᚆᚋᚐᚅ  ᚐᚂᚔᚈᚆᚔᚏ |193|193._Maumanorig|1.58|1.15|0.54|Q85395564|CIIC 193. Maumanorig|Maumanorig|Corkaguiney|-10.358471, 52.143726|||KE042-141006-|['COLMAN', 'AILITHIR']||Ecclesiastical
195._Rathmalode_I.xml|ead027501ac1|CURCI MAQI MUCOI VO|    ᚉᚒᚏᚉᚔ  ᚋᚐᚊᚔ  ᚋᚒᚉᚑᚔ  ᚃᚑ |    ᚉᚒᚏᚉᚔ  ᚋᚐᚊᚔ  ᚋᚒᚉᚑᚔ  ᚃᚑ |195|195._Rathmalode_I|0.28|1.04|0.1|Q85395567|CIIC 195. Rathmalode|Lougher|Corkaguiney||-9.992082, 52.171589|-10.405999, 52.166581|KE042-165---|||Souterrain in ringfort/rath
196._Rathmalode_II.xml|3c2bf1d326aa|ERCAVICCAS MAQI CO|    ᚓᚏᚉᚐᚃᚔᚉᚉᚐᚄ  ᚋᚐᚊᚔ  ᚉᚑ |    ᚓᚏᚉᚐᚃᚔᚉᚉᚐᚄ  ᚋᚐᚊᚔ  ᚉᚑ |196|196._Rathmalode_II|0.33|1.24|0.09|Q85395567|CIIC 196. Rathmalode|Lougher|Corkaguiney||-9.992082, 52.171589|-10.405999, 52.166581|KE042-166---|||Souterrain in ringfort/rath
197._Coolmagort_I.xml|41b13acec683|DEGO{S} MAQI MOCOI TOICAKI|    ᚇᚓᚌᚑᚄ    ᚋᚐᚊᚔ  ᚋᚑᚉᚑᚔ    ᚈᚑᚔᚉᚐᚕᚔ   |    ᚇᚓᚌᚑᚄ    ᚋᚐᚊᚔ  ᚋᚑᚉᚑᚔ    ᚈᚑᚔᚉᚐᚕᚔ   |197|197._Coolmagort_I|0.52|2.1|0.2|Q69379704|CIIC 197. Coolmagort|cave of Dunloe|Coolmagort|-9.633466, 52.060741||-9.634923, 52.06042|KE065-078003-|['DEGOS', 'TOICACI']|['MAQI', 'MUCOI']|Souterrain
198._Coolmagort_II.xml|616010b571c3|MAQI-RITEAS MAQI MAQI-DDUMILEAS/ MUCOI TOICACI|    ᚋᚐᚊᚔᚏᚔᚈᚓᚐᚄ    ᚋᚐᚊᚔ  ᚋᚐᚊᚔᚇᚇᚒᚋᚔᚂᚓᚐᚄ  ᚋᚒᚉᚑᚔ    ᚈᚑᚔᚉᚐᚉᚔ   |    ᚋᚐᚊᚔᚏᚔᚈᚓᚐᚄ    ᚋᚐᚊᚔ  ᚋᚐᚊᚔᚇᚇᚒᚋᚔᚂᚓᚐᚄ  ᚋᚒᚉᚑᚔ    ᚈᚑᚔᚉᚐᚉᚔ   |198|198._Coolmagort_II|0.48|2.65|0.2|Q69379704|CIIC 198. Coolmagort|cave of Dunloe|Coolmagort|-9.633466, 52.060741||-9.634923, 52.06042|KE065-078004-|['MAQI-RITEAS', 'MAQI-DUMILEAS', 'TOICACI']|['MAQI', 'MUCOI']|Souterrain
199._Coolmagort_III.xml|ae1adb532ca4|CUNACENA|    ᚉᚒᚅᚐᚉᚓᚅᚐ     |    ᚉᚒᚅᚐᚉᚓᚅᚐ     |199|199._Coolmagort_III|0.3|1.2|0.11|Q69379704|CIIC 199. Coolmagort|cave of Dunloe|Coolmagort|-9.633466, 52.060741||-9.634923, 52.06042|KE065-078001-|||Souterrain
200._Coolmagort_IV.xml|7ce0af72db04|MAQI-TTAL MAQI VORGOS MA/QI MU/COI TOICAC|      ᚋᚐᚊᚔᚈᚈᚐᚂ    ᚋᚐᚊᚔ  ᚃᚑᚏᚌᚑᚄ  ᚋᚐᚊᚔ  ᚋᚒᚉᚑᚔ    ᚈᚑᚔᚉᚐᚉ     |      ᚋᚐᚊᚔᚈᚈᚐᚂ    ᚋᚐᚊᚔ  ᚃᚑᚏᚌᚑᚄ  ᚋᚐᚊᚔ  ᚋᚒᚉᚑᚔ    ᚈᚑᚔᚉᚐᚉ     |200|200._Coolmagort_IV|0.3|1.48|0.15|Q69379704|CIIC 200. Coolmagort|cave of Dunloe|Coolmagort|-9.633466, 52.060741||-9.634923, 52.06042|KE065-078005-|['MAQI-TTAL', 'VORGOS', 'TOICACI']|['MAQI', 'MAQI', 'MUCOI']|Souterrain
201._Coolmagort_V.xml|852e0b6b5c53|MC GE?/ MAQ D/E?|  ᚋᚉ  ᚌᚓ  ᚋᚐᚊ  ᚇᚓ   |  ᚋᚉ  ᚌᚓ  ᚋᚐᚊ  ᚇᚓ   |201|201._Coolmagort_V|0.45|1.3|0.1|Q69379704|CIIC 201. Coolmagort|cave of Dunloe|Coolmagort|-9.633466, 52.060741||-9.634923, 52.06042|KE065-078006-|||Souterrain
202._Coolmagort_VI.xml|6c59605496b4|NIOTTVRECC MAQI/ GNI|    ᚅᚔᚑᚈᚈᚃᚏᚓᚉᚉ    ᚋᚐᚊᚔ  ᚌᚅᚔ |    ᚅᚔᚑᚈᚈᚃᚏᚓᚉᚉ    ᚋᚐᚊᚔ  ᚌᚅᚔ |202|202._Coolmagort_VI|0.23|1.3|0.23|Q69379704|CIIC 202. Coolmagort|cave of Dunloe|Coolmagort|-9.633466, 52.060741||-9.634923, 52.06042|KE065-078007-|||Souterrain
203._Coolmagort_VII.xml|063865445c91|MAQI-DECEDA MAQI|    ᚋᚐᚊᚔᚇᚓᚉᚓᚇᚐ  ᚋᚐᚊᚔ |    ᚋᚐᚊᚔᚇᚓᚉᚓᚇᚐ  ᚋᚐᚊᚔ |203|203._Coolmagort_VII|0.29|0.86|0.1|Q69379704|CIIC 203. Coolmagort|cave of Dunloe|Coolmagort|-9.633466, 52.060741||-9.634923, 52.06042|KE065-078008-|||Souterrain
205._Derrygariff.xml|b50f83744a68|SBNAG MAQQI-RCIA|    ᚄᚁᚅᚐᚌ  ᚋᚐᚊᚊᚔᚏᚉᚔᚐ |    ᚄᚁᚅᚐᚌ  ᚋᚐᚊᚊᚔᚏᚉᚔᚐ |205|205._Derrygariff|0.24|0.64|0.22|Q85395535|CIIC 205. Derrygariff|||-9.641833,51.937202||-6.254558,53.340408|DU018-357----|||Unknown
206._Kilcoolaght_East_I.xml|02903c0f1a05|First inscription: [AN]M VIRRACC/ANNI TIGIR[N] Second inscription: C/TEDATTOQA MAQI/ VEDELMETTO|ᚃᚔᚏᚄᚈ  ᚔᚅᚄᚉᚏᚔᚈᚔᚑᚅ  ᚐᚅᚋ  ᚃᚔᚏᚏᚐᚉᚉᚐᚅᚅᚔ    ᚈᚔᚌᚔᚏᚅ  ᚄᚓᚉᚑᚅᚇ  ᚔᚅᚄᚉᚏᚔᚈᚔᚑᚅ  ᚉᚈᚓᚇᚐᚈᚈᚑᚊᚐ  ᚋᚐᚊᚔ    ᚃᚓᚇᚓᚂᚋᚓᚈᚈᚑ |ᚃᚔᚏᚄᚈ  ᚔᚅᚄᚉᚏᚔᚈᚔᚑᚅ  ᚐᚅᚋ  ᚃᚔᚏᚏᚐᚉᚉᚐᚅᚅᚔ    ᚈᚔᚌᚔᚏᚅ  ᚄᚓᚉᚑᚅᚇ  ᚔᚅᚄᚉᚏᚔᚈᚔᚑᚅ  ᚉᚈᚓᚇᚐᚈᚈᚑᚊᚐ  ᚋᚐᚊᚔ    ᚃᚓᚇᚓᚂᚋᚓᚈᚈᚑ |206|206._Kilcoolaght_East_I|0.24|0.76|0.2|Q85395537|CIIC 206. Kilcoolaght East|Kilcoolaght East|Dunkerron North|-9.745808, 52.073955|||KE065-003002-|||Burial ground
207._Kilcoolaght_East_II.xml|de4be23794cd|ECC MAQI LUGUQRRIT|  ᚓᚉᚉ  ᚋᚐᚊᚔ  ᚂᚒᚌᚒᚊᚏᚏᚔᚈ |  ᚓᚉᚉ  ᚋᚐᚊᚔ  ᚂᚒᚌᚒᚊᚏᚏᚔᚈ |207|207._Kilcoolaght_East_II|0.13|0.73|0.12|Q85395537|CIIC 207. Kilcoolaght East|Kilcoolaght East|Dunkerron North|-9.745808, 52.073955|||KE065-003005-|||Burial ground
208._Kilcoolaght_East_III.xml|70e8ab3f1490|UMALL|  ᚒᚋᚐᚂᚂ   |  ᚒᚋᚐᚂᚂ   |208|208._Kilcoolaght_East_III|nan|nan|nan|Q85395537|CIIC 208. Kilcoolaght East|Kilcoolaght East|Dunkerron North|-9.745808, 52.073955|||KE065-003006-|||Burial ground
209._Kilcoolaght_East_IV.xml|db223d0dd609|AGGO MAQI AGILL|  ᚐᚌᚌᚑ  ᚋᚐᚊᚔ  ᚐᚌᚔᚂᚂ |  ᚐᚌᚌᚑ  ᚋᚐᚊᚔ  ᚐᚌᚔᚂᚂ |209|209._Kilcoolaght_East_IV|0.24|0.74|0.18|Q85395537|CIIC 209. Kilcoolaght East|Kilcoolaght East|Dunkerron North|-9.745808, 52.073955|||KE065-003007-|||Burial ground
210._Kilcoolaght_East_V.xml|919cdb54462f|DUBEB Q/N|  ᚇᚒᚁᚓᚁ    ᚊᚅ |  ᚇᚒᚁᚓᚁ    ᚊᚅ |210|210._Kilcoolaght_East_V|0.11|0.51|0.15|Q85395537|CIIC 210. Kilcoolaght East|Kilcoolaght East|Dunkerron North|-9.745808, 52.073955|||KE065-003009-|||Burial ground
211._Kilcoolaght_East_VI.xml|045d278e74c3|[RI]TTAVVECC MAQI VEDDONOS|  ᚏᚔᚈᚈᚐᚃᚃᚓᚉᚉ  ᚋᚐᚊᚔ  ᚃᚓᚇᚇᚑᚅᚑᚄ |  ᚏᚔᚈᚈᚐᚃᚃᚓᚉᚉ  ᚋᚐᚊᚔ  ᚃᚓᚇᚇᚑᚅᚑᚄ |211|211._Kilcoolaght_East_VI|0.22|0.67|0.13|Q85395537|CIIC 211. Kilcoolaght East|Kilcoolaght East|Dunkerron North|-9.745808, 52.073955|||KE065-003008-|['RITTAVVECCAS', 'VEDDONOS']||Burial ground
212._Kilcoolaght_East_VII.xml|9c60b88120df|L M|  ᚂ    ᚋ |  ᚂ    ᚋ |212|212._Kilcoolaght_East_VII|0.14|0.76|0.1|Q85395537|CIIC 212. Kilcoolaght East|Kilcoolaght East|Dunkerron North|-9.745808, 52.073955|||KE065-003009-|||Burial ground
213._Kilcoolaght_East_VIII.xml|c9f544f04229|URG|  ᚒᚏᚌ   |  ᚒᚏᚌ   |213|213._Kilcoolaght_East_VIII|0.1|0.3|0.08|Q85395537|CIIC 213. Kilcoolaght East|Kilcoolaght East|Dunkerron North|-9.745808, 52.073955|||KE065-003010-|||Burial ground
215._Whitefield_I.xml|1b6e27e7a911|ALATTO CELI BAT/TIG/NI|    ᚐᚂᚐᚈᚈᚑ    ᚉᚓᚂᚔ  ᚁᚐᚈᚈᚔᚌᚅᚔ |    ᚐᚂᚐᚈᚈᚑ    ᚉᚓᚂᚔ  ᚁᚐᚈᚈᚔᚌᚅᚔ |215|215._Whitefield_I|0.3|1.14|0.13|Q85395539|CIIC 215. Whitefield I|Whitefield|Dunkerron North|-9.702644,52.085442||-9.706264, 52.266705|KE057-107----|['ALATTO', 'BATTIGNI']||Souterrain
216._Whitefield_II.xml|de313d0b9a8f|GOSOCTEAS MOSAC MAKINI|    ᚌᚑᚄᚑᚉᚈᚓᚐᚄ  ᚋᚑᚄᚐᚉ  ᚋᚐᚕᚔᚅᚔ |    ᚌᚑᚄᚑᚉᚈᚓᚐᚄ  ᚋᚑᚄᚐᚉ  ᚋᚐᚕᚔᚅᚔ |216|216._Whitefield_II|0.3|1.42|0.15|Q85395539|CIIC 216. Whitefield II|Whitefield|Dunkerron North|-9.702644,52.085442||-6.254558,53.340408|KE057-107002-|['GOSOCTEAS', 'MAKINI']||Souterrain
217._Whitefield_III.xml|7373154087cc|NOCATI MAQI MAQI-RET/ MAQI MUCOI UDDAMI|    ᚅᚑᚉᚐᚈᚔ  ᚋᚐᚊᚔ  ᚋᚐᚊᚔᚏᚓᚈ  ᚋᚐᚊᚔ  ᚋᚒᚉᚑᚔ  ᚒᚇᚇᚐᚋᚔ |    ᚅᚑᚉᚐᚈᚔ  ᚋᚐᚊᚔ  ᚋᚐᚊᚔᚏᚓᚈ  ᚋᚐᚊᚔ  ᚋᚒᚉᚑᚔ  ᚒᚇᚇᚐᚋᚔ |217|217._Whitefield_III|0.23|0.99|0.02|Q85395539|CIIC 217. Whitefield III|Whitefield|Dunkerron North|-9.702644, 52.085442||-6.254558,53.340408|KE057-107003-|['NOCATI', 'MAQI-RET/C...', 'UDDAMI']|['MAQI', 'MAQI', 'MUCOI']|Souterrain
218._Whitefield_IV.xml|6cfbd621e5ed|LAGOBB/ MUCO TUCACAC|    ᚂᚐᚌᚑᚁᚁ  ᚋᚒᚉᚑ  ᚈᚒᚉᚐᚉᚐᚉ |    ᚂᚐᚌᚑᚁᚁ  ᚋᚒᚉᚑ  ᚈᚒᚉᚐᚉᚐᚉ |218|218._Whitefield_IV|0.26|1.0|0.22|Q85395539|CIIC 218. Whitefield IV|Whitefield|Dunkerron North|-9.702644, 52.085442||-6.254558,53.340408|KE057-107004-|||Souterrain
220._Derrynane.xml|fcda557606d0|ANM LLATIGNI MAQ MINERC/ MUCOI QCI?|    ᚐᚅᚋ  ᚂᚂᚐᚈᚔᚌᚅᚔ  ᚋᚐᚊ  ᚋᚔᚅᚓᚏᚉ    ᚋᚒᚉᚑᚔ  ᚊᚉᚔ |    ᚐᚅᚋ  ᚂᚂᚐᚈᚔᚌᚅᚔ  ᚋᚐᚊ  ᚋᚔᚅᚓᚏᚉ    ᚋᚒᚉᚑᚔ  ᚊᚉᚔ |220|220._Derrynane|0.51|2.11|0.3|Q85395573|CIIC 220. Derrynane|Derrynane|Dunkerron South|-10.120766, 51.763611||-10.121919, 51.764123|KE106-114----|['LLATIGNI', 'MINERC?']||Unassociated
223._Parknasilla.xml|0e9312246e53|ANM VINNAGITLET|    ᚐᚅᚋ  ᚃᚔᚅᚅᚐᚌᚔᚈᚂᚓᚈ|    ᚐᚅᚋ  ᚃᚔᚅᚅᚐᚌᚔᚈᚂᚓᚈ|223|223._Parknasilla|0.3|1.08|0.18|Q85395605|CIIC 223. Parknasilla|Parknasilla|Derryquin|-9.867312, 51.822169||-6.254558,53.340408|DU018-365----|||Unknown
230._Cloghanecarhan.xml|934510598685|EQQEGGNI MAQI MAQI-CARATTINN|      ᚓᚊᚊᚓᚌᚌᚅᚔ  ᚋᚐᚊᚔ  ᚋᚐᚊᚔᚉᚐᚏᚐᚈᚈᚔᚅᚅ   |      ᚓᚊᚊᚓᚌᚌᚅᚔ  ᚋᚐᚊᚔ  ᚋᚐᚊᚔᚉᚐᚏᚐᚈᚈᚔᚅᚅ   |230|230._Cloghanecarhan|0.38|2.08|0.18|Q85395549|CIIC 230. Cloghanecarhan|Cloghanecarhan|Iveragh|-10.183738, 51.888405|||KE089-011001-|['EQQEGGNI', 'MAQI-CAIRATINI']||Probable Ecclesiastical
241._Kilbonane.xml|dbe145fdb9da|Dexter angle: BAIDAGNI MAQI ADDILONASinister angle: NAGUNI MUCO BAIDANI Face of stone: NIR[???]MNIDAGNIESSICONIDDALA/ AMIT BAIDAGNI|ᚇᚓᚈᚓᚏ  ᚐᚅᚌᚂᚓ    ᚁᚐᚔᚇᚐᚌᚅᚔ  ᚋᚐᚊᚔ  ᚐᚇᚇᚔᚂᚑᚅᚐᚄᚔᚅᚔᚄᚈᚓᚏ  ᚐᚅᚌᚂᚓ    ᚅᚐᚌᚒᚅᚔ  ᚋᚒᚉᚑ  ᚁᚐᚔᚇᚐᚅᚔ    ᚃᚐᚉᚓ  ᚑᚃ  ᚄᚈᚑᚅᚓ  ᚅᚔᚏᚋᚅᚔᚇᚐᚌᚅᚔᚓᚄᚄᚔᚉᚑᚅᚔᚇᚇᚐᚂᚐ  ᚐᚋᚔᚈ  ᚁᚐᚔᚇᚐᚌᚅᚔ|ᚇᚓᚈᚓᚏ  ᚐᚅᚌᚂᚓ    ᚁᚐᚔᚇᚐᚌᚅᚔ  ᚋᚐᚊᚔ  ᚐᚇᚇᚔᚂᚑᚅᚐᚄᚔᚅᚔᚄᚈᚓᚏ  ᚐᚅᚌᚂᚓ    ᚅᚐᚌᚒᚅᚔ  ᚋᚒᚉᚑ  ᚁᚐᚔᚇᚐᚅᚔ    ᚃᚐᚉᚓ  ᚑᚃ  ᚄᚈᚑᚅᚓ  ᚅᚔᚏᚋᚅᚔᚇᚐᚌᚅᚔᚓᚄᚄᚔᚉᚑᚅᚔᚇᚇᚐᚂᚐ  ᚐᚋᚔᚈ  ᚁᚐᚔᚇᚐᚌᚅᚔ|241|241._Kilbonane|0.41|1.91|0.18|Q85396894|CIIC 241. Kilbonane|Kilbonane|Magunihy|-9.668483, 52.084366||-9.634923, 52.06042|KE057-078002-|||Ecclesiastical
242._Parkavonear.xml|2e58bb1d2792|BRRUA/ENANN|ᚁᚏᚏᚒᚐᚓᚅᚐᚅᚅ |ᚁᚏᚏᚒᚐᚓᚅᚐᚅᚅ |242|242._Parkavonear|0.26|1.54|0.18|Q85396972|CIIC 242. Parkavonear|Parkavonear|Magunihy|-9.554751, 52.076337||-9.554356, 52.076795|KE066-016005-|||Ecclesiastical
252._Gurrane.xml|1a3470171199|DUMELI MAQI GLASICONAS NIOTTA COBRANORA|    ᚇᚒᚋᚓᚂᚔ  ᚋᚐᚊᚔ  ᚌᚂᚐᚄᚔᚉᚑᚅᚐᚄ  ᚅᚔᚑᚈᚈᚐ  ᚉᚑᚁᚏᚐᚅᚑᚏᚐ |    ᚇᚒᚋᚓᚂᚔ  ᚋᚐᚊᚔ  ᚌᚂᚐᚄᚔᚉᚑᚅᚐᚄ  ᚅᚔᚑᚈᚈᚐ  ᚉᚑᚁᚏᚐᚅᚑᚏᚐ |252|252._Gurrane|0.32|1.19|0.41|Q85396933|CIIC 252. Gurrane|Garraundarragh|Trughanacmy|-9.569440, 52.212276||-6.254558,53.340408|KE039-148----|['DUMELI', 'GLASICONAS', 'COBRANORA?']|['MAQI', 'NIOTTA']|Ringfort/rath
253._Killorglin.xml|3fd409bb96b5|GALEOTOS|    ᚌᚐᚂᚓᚑᚈᚑᚄ |    ᚌᚐᚂᚓᚑᚈᚑᚄ |253|253._Killorglin|0.45|1.2|0.42|Q85396826|CIIC 253. Kilorglin|Killorglin|Trughanacmy|-9.778697, 52.106495||-6.254558,53.340408|DU018-393----|||Souterrain
255._Tinnahally_I.xml|6986dce35d72|Remains of earlier inscription (Macalister's reading): CILA MAQQI BAGN/I Later inscription: ANM VURUDDRANN MAQ/I DO/LIGENN|  ᚏᚓᚋᚐᚔᚅᚄ  ᚑᚃ  ᚓᚐᚏᚂᚔᚓᚏ  ᚔᚅᚄᚉᚏᚔᚈᚔᚑᚅ  ᚋᚐᚉᚐᚂᚔᚄᚈᚓᚏᚄ  ᚏᚓᚐᚇᚔᚅᚌ  ᚉᚔᚂᚐ  ᚋᚐᚊᚊᚔ  ᚁᚐᚌᚅᚔ    ᚂᚐᚈᚓᚏ  ᚔᚅᚄᚉᚏᚔᚈᚔᚑᚅ    ᚐᚅᚋ  ᚃᚒᚏᚒᚇᚇᚏᚐᚅᚅ  ᚋᚐᚊᚔ  ᚇᚑᚂᚔᚌᚓᚅᚅ |  ᚏᚓᚋᚐᚔᚅᚄ  ᚑᚃ  ᚓᚐᚏᚂᚔᚓᚏ  ᚔᚅᚄᚉᚏᚔᚈᚔᚑᚅ  ᚋᚐᚉᚐᚂᚔᚄᚈᚓᚏᚄ  ᚏᚓᚐᚇᚔᚅᚌ  ᚉᚔᚂᚐ  ᚋᚐᚊᚊᚔ  ᚁᚐᚌᚅᚔ    ᚂᚐᚈᚓᚏ  ᚔᚅᚄᚉᚏᚔᚈᚔᚑᚅ    ᚐᚅᚋ  ᚃᚒᚏᚒᚇᚇᚏᚐᚅᚅ  ᚋᚐᚊᚔ  ᚇᚑᚂᚔᚌᚓᚅᚅ |255|255._Tinnahally_I|0.3|1.83|0.28|Q85396900|CIIC 255. Tinnahally I|Tinnahally|Trughanacmy|-9.749639, 52.126506||-7.293674, 53.299424|KE057-105001-|['VURUDDRANN', 'DOLIGENN']||Souterrain
256._Tinnahally_II.xml|3e7f3345e7c3|ANM TEGANN MAC DEGL/ANN|    ᚐᚅᚋ  ᚈᚓᚌᚐᚅᚅ  ᚋᚐᚉ  ᚇᚓᚌᚂᚐᚅᚅ |    ᚐᚅᚋ  ᚈᚓᚌᚐᚅᚅ  ᚋᚐᚉ  ᚇᚓᚌᚂᚐᚅᚅ |256|256._Tinnahally_II|0.43|1.78|0.56|Q85396900|CIIC 256. Tinnahally II|Tinnahally|Trughanacmy|-9.749639, 52.126506||-6.254558,53.340408|KE057-105002-|['TEGANN', 'DEGLANN']|['ANM', 'MAC']|Souterrain
263._Ardmore_I.xml|691206779011|LUGUDECCAS MAQI/MU/COI NETA-SEGAMONAS/ DOLATI BIGAISGOB...|  ᚂᚒᚌᚒᚇᚓᚉᚉᚐᚄ  ᚋᚐᚊᚔᚋᚒᚉᚑᚔ  ᚅᚓᚈᚐᚄᚓᚌᚐᚋᚑᚅᚐᚄ  ᚇᚑᚂᚐᚈᚔ  ᚁᚔᚌᚐᚔᚄᚌᚑᚁ |  ᚂᚒᚌᚒᚇᚓᚉᚉᚐᚄ  ᚋᚐᚊᚔᚋᚒᚉᚑᚔ  ᚅᚓᚈᚐᚄᚓᚌᚐᚋᚑᚅᚐᚄ  ᚇᚑᚂᚐᚈᚔ  ᚁᚔᚌᚐᚔᚄᚌᚑᚁ |263|263._Ardmore_I|0.28|1.27|0.3|Q85396905|CIIC 263. Ardmore I|Ardmore|Ardocheasty|-7.725680, 51.948752||-7.725916, 51.948800|WA040-008005-|['LUGUDECAS', 'NETA-SEGAMONAS']||Ecclesiastical
264._Ardmore_II.xml|1c8d331922fd|...NACI MAQI ...|  ᚅᚐᚉᚔ  ᚋᚐᚊᚔ   |  ᚅᚐᚉᚔ  ᚋᚐᚊᚔ   |264|264._Ardmore_II|0.3|0.86|0.05|Q85396905|CIIC 264. Ardmore||Decies within Drum|-7.726208,51.948826||-6.254558,53.340408|WA040-008006-|||Ecclesiastical
265._Ardmore_III.xml|c0f05124a4dc|AMADU|  ᚐᚋᚐᚇᚒ |  ᚐᚋᚐᚇᚒ |265|265._Ardmore_III|0.33|1.33|0.23|Q85396905|CIIC 265. Ardmore III|Ardmore|Ardocheasty|-7.725973, 51.948556||-7.725908, 51.948852|WA040-008007-|||Ecclesiastical
266._Dromore_I.xml|a90a7f1793d4|COLLABOT MUCOI LUGA/ MAQI LOBACCONA|  ᚉᚑᚂᚂᚐᚁᚑᚈ  ᚋᚒᚉᚑᚔ  ᚂᚒᚌᚐ  ᚋᚐᚊᚔ  ᚂᚑᚁᚐᚉᚉᚑᚅᚐ |  ᚉᚑᚂᚂᚐᚁᚑᚈ  ᚋᚒᚉᚑᚔ  ᚂᚒᚌᚐ  ᚋᚐᚊᚔ  ᚂᚑᚁᚐᚉᚉᚑᚅᚐ |266|266._Dromore_I|0.51|1.32|0.13|Q85396907|CIIC 266. Dromore I|Dromore|Decies within Drum|-7.847713, 52.074413|||WA029-042003-|['COLLABOT', 'LUGA', 'LOBACCONA']|['MUCOI', 'MAQI']|Burial ground
267._Dromore_II.xml|f0b6c7553a49|MEDUSI MACI LU/ MUCOI LUGA|    ᚋᚓᚇᚒᚄᚔ  ᚋᚐᚉᚔ  ᚂᚒ  ᚋᚒᚉᚑᚔ  ᚂᚒᚌᚐ |    ᚋᚓᚇᚒᚄᚔ  ᚋᚐᚉᚔ  ᚂᚒ  ᚋᚒᚉᚑᚔ  ᚂᚒᚌᚐ |267|267._Dromore_II|0.41|1.3|0.25|Q85396907|CIIC 267. Dromore II|Dromore|Decies within Drum|-7.847708, 52.074382|||WA029-042006-|['MEDUSI', 'LUGA']||Burial ground
268._Dromore_III.xml|59d60f4f7ad1|CATTUVIR|  ᚉᚐᚈᚈᚒᚃᚔᚏ |  ᚉᚐᚈᚈᚒᚃᚔᚏ |268|268._Dromore_III|0.3|1.42|0.28|Q85396907|CIIC 268. Dromore III|||-7.847710, 52.074331||-6.254558,53.340408|WA029-042010-|||Burial ground
272._Drumlohan_I.xml|7c7cd91ea3b0|MANU MAGUNO GATI MOCOI MACORBO|  ᚋᚐᚅᚒ  ᚋᚐᚌᚒᚅᚑ  ᚌᚐᚈᚔ  ᚋᚑᚉᚑᚔ  ᚋᚐᚉᚑᚏᚁᚑ   |  ᚋᚐᚅᚒ  ᚋᚐᚌᚒᚅᚑ  ᚌᚐᚈᚔ  ᚋᚑᚉᚑᚔ  ᚋᚐᚉᚑᚏᚁᚑ   |272|272._Drumlohan_I|0.2|1.52|0.2|Q85396849|CIIC 272. Drumlohan I|||-7.465370, 52.163318|||WA024-033006-|['MANU', 'GATI', 'MACORBO']||Souterrain/Ecclesiastical
273._Drumlohan_II.xml|4e612fee93d0|CALUNOVICA MAQI MUCOI LITENI|  ᚉᚐᚂᚒᚅᚑᚃᚔᚉᚐ  ᚋᚐᚊᚔ  ᚋᚒᚉᚑᚔ  ᚂᚔᚈᚓᚅᚔ   |  ᚉᚐᚂᚒᚅᚑᚃᚔᚉᚐ  ᚋᚐᚊᚔ  ᚋᚒᚉᚑᚔ  ᚂᚔᚈᚓᚅᚔ   |273|273._Drumlohan_II|0.42|1.67|0.3|Q85396849|CIIC 273. Drumlohan II|||-7.465370, 52.163318|||WA024-033007-|['CALUNOVICA', 'LITENI']|['MAQI', 'MUCOI']|Souterrain/Ecclesiastical
274._Drumlohan_III.xml|cae598c3e727|MAQI-INI MAQI QETTEAS|  ᚋᚐᚊᚔᚔᚅᚔ  ᚋᚐᚊᚔ  ᚊᚓᚈᚈᚓᚐᚄ   |  ᚋᚐᚊᚔᚔᚅᚔ  ᚋᚐᚊᚔ  ᚊᚓᚈᚈᚓᚐᚄ   |274|274._Drumlohan_III|0.33|1.55|0.17|Q85396849|CIIC 274. Drumlohan III|||-7.465370, 52.163318|||WA024-033008-|['MAQI-INI...', '[QE]TTEAS']||Souterrain/Ecclesiastical
275._Drumlohan_IV.xml|4f233e47b71f|CUNALEGEA MAQI C[....]SALAR CELI AVI QVECI|  ᚉᚒᚅᚐᚂᚓᚌᚓᚐ  ᚋᚐᚊᚔ  ᚉᚄᚐᚂᚐᚏ  ᚉᚓᚂᚔ  ᚐᚃᚔ  ᚊᚃᚓᚉᚔ   |  ᚉᚒᚅᚐᚂᚓᚌᚓᚐ  ᚋᚐᚊᚔ  ᚉᚄᚐᚂᚐᚏ  ᚉᚓᚂᚔ  ᚐᚃᚔ  ᚊᚃᚓᚉᚔ   |275|275._Drumlohan_IV|0.34|1.49|0.17|Q85396849|CIIC 275. Drumlohan IV|||-7.465370, 52.163318|||WA024-033009-|['CUNALEGEA', 'C[....]SALAR', 'QVECI']|['MAQI', 'CELI', 'AVI']|Souterrain/Ecclesiastical
276._Drumlohan_V.xml|606b13c45b48|BIGU MAQI LAG|  ᚁᚔᚌᚒ  ᚋᚐᚊᚔ  ᚂᚐᚌ   |  ᚁᚔᚌᚒ  ᚋᚐᚊᚔ  ᚂᚐᚌ   |276|276._Drumlohan_V|0.39|1.4|0.1|Q85396849|CIIC 276. Drumlohan V|||-7.465370, 52.163318|||WA024-033010-|['BIGU', 'LAG[...']||Souterrain/Ecclesiastical
277._Drumlohan_VI.xml|8e2a0171d791|BIR MAQI MUCOI ROTTAIS|  ᚁᚔᚏ  ᚋᚐᚊᚔ  ᚋᚒᚉᚑᚔ  ᚏᚑᚈᚈᚐᚔᚄ   |  ᚁᚔᚏ  ᚋᚐᚊᚔ  ᚋᚒᚉᚑᚔ  ᚏᚑᚈᚈᚐᚔᚄ   |277|277._Drumlohan_VI|0.29|1.14|0.2|Q85396849|CIIC 277. Drumlohan VI|||-7.465370, 52.163318|||WA024-033011-|['BIR', 'ROTTAIS']|['MAQI', 'MUCOI']|Souterrain/Ecclesiastical
278._Drumlohan_VII.xml|558d9d1885dc|MAQI NETAS|    ᚋᚐᚊᚔ  ᚅᚓᚈᚐᚄ   |    ᚋᚐᚊᚔ  ᚅᚓᚈᚐᚄ   |278|278._Drumlohan_VII|0.27|1.24|0.22|Q85396849|CIIC 278. Drumlohan VII|||-7.465370, 52.163318|||WA024-033012-|||Souterrain/Ecclesiastical
279._Drumlohan_VIII.xml|6b5de0302e4c|DENAVECA MUCOI MEDALO|    ᚇᚓᚅᚐᚃᚓᚉᚐ    ᚋᚒᚉᚑᚔ  ᚋᚓᚇᚐᚂᚑ |    ᚇᚓᚅᚐᚃᚓᚉᚐ    ᚋᚒᚉᚑᚔ  ᚋᚓᚇᚐᚂᚑ |279|279._Drumlohan_VIII|0.46|1.07|0.24|Q85396849|CIIC 279. Drumlohan VIII|||-7.465370, 52.163318|||WA024-033013-|['DENAVECA', 'MEDALO']||Souterrain/Ecclesiastical
280._Drumlohan_IX.xml|3d6e75476f78|BROINIONAS|    ᚁᚏᚑᚔᚅᚔᚑᚅᚐᚄ   |    ᚁᚏᚑᚔᚅᚔᚑᚅᚐᚄ   |280|280._Drumlohan_IX|0.51|1.12|0.22|Q85396849|CIIC 280. Drumlohan IX|||-7.465370, 52.163318|||WA024-033014-|||Souterrain/Ecclesiastical
281._Drumlohan_X.xml|04b63459dafa|DEAGOS MAQI MUCOI NAI|    ᚇᚓᚐᚌᚑᚄ    ᚋᚐᚊᚔ  ᚋᚒᚉᚑᚔ  ᚅᚐᚔ   |    ᚇᚓᚐᚌᚑᚄ    ᚋᚐᚊᚔ  ᚋᚒᚉᚑᚔ  ᚅᚐᚔ   |281|281._Drumlohan_X|0.66|0.97|0.09|Q85396849|CIIC 281. Drumlohan X|||-7.465370, 52.163318|||WA024-033015-|||Souterrain/Ecclesiastical
285._Kilbeg.xml|3903e339f947|BIVODON MUCOI ATAR|  ᚁᚔᚃᚑᚇᚑᚅ  ᚋᚒᚉᚑᚔ  ᚐᚈᚐᚏ |  ᚁᚔᚃᚑᚇᚑᚅ  ᚋᚒᚉᚑᚔ  ᚐᚈᚐᚏ |285|285._Kilbeg|0.27|1.17|0.14|Q85396852|CIIC 285. Kilbeg||Decies||-7.323246,52.165161|-6.254558,53.340408|WA025-078----|['BIVAIDONAS', 'ATAR']||Possible Ecclesiastical
292._Knockboy_I.xml|6853dfb558ad|ERATI MUCOI NETA-S/EGAMONAS|  ᚓᚏᚐᚈᚔ  ᚋᚒᚉᚑᚔ  ᚅᚓᚈᚐᚄᚓᚌᚐᚋᚑᚅᚐᚄ |  ᚓᚏᚐᚈᚔ  ᚋᚒᚉᚑᚔ  ᚅᚓᚈᚐᚄᚓᚌᚐᚋᚑᚅᚐᚄ |292|292._Knockboy_I|0.56|1.78|0.23|Q85396914|CIIC 292. Knockboy I|Knockboy|Decies without Drum|||-7.684857, 52.194802|WA013-034006-|['...ERATI', 'NETA-SEGAMONAS']||Ecclesiastical (probably early)
293._Knockboy_II.xml|be10ddf6b64d|RGBCARCEN|    ᚏᚌᚁᚉᚐᚏᚉᚓᚅ |    ᚏᚌᚁᚉᚐᚏᚉᚓᚅ |293|293._Knockboy_II|0.23|1.32|0.27|Q85396914|CIIC 293. Knockboy II|Knockboy|Decies without Drum|||-7.684809, 52.194724|WA013-034007-|||Ecclesiastical (probably early)
294._Knockboy_III.xml|0b86b40c6f88|CORB|    ᚉᚑᚏᚁ |    ᚉᚑᚏᚁ |294|294._Knockboy_III|0.05|0.36|nan|Q85396914|CIIC 294. Knockboy III|Knockboy|Decies without Drum|||-7.684809, 52.194724|WA013-034008-|||Ecclesiastical (probably early)
295._Knockboy_IV.xml|40927a0103ba|QECCIAS MUCOI BROENIONAS|  ᚊᚓᚉᚉᚔᚐᚄ  ᚋᚒᚉᚑᚔ  ᚁᚏᚑᚓᚅᚔᚑᚅᚐᚄ |  ᚊᚓᚉᚉᚔᚐᚄ  ᚋᚒᚉᚑᚔ  ᚁᚏᚑᚓᚅᚔᚑᚅᚐᚄ |295|295._Knockboy_IV|0.27|1.88|0.25|Q85396914|CIIC 295. Knockboy IV|Knockboy|Decies without Drum|||-7.684968, 52.194711|WA013-034009-|['QECCIAS?', 'BROENIONAS?']||Ecclesiastical (probably early)
296._Knockboy_V.xml|f67be2237944|CIR MAQI MUC|  ᚉᚔᚏ  ᚋᚐᚊᚔ  ᚋᚒᚉ |  ᚉᚔᚏ  ᚋᚐᚊᚔ  ᚋᚒᚉ |296|296._Knockboy_V|0.38|1.45|0.18|Q85396914|CIIC 296. Knockboy V|Knockboy|Decies without Drum|||-7.685104, 52.194752|WA013-034010-|||Ecclesiastical (probably early)
297._Knockboy_VI.xml|c8c4ccf209f8|VORTIGURN|  ᚃᚑᚏᚈᚔᚌᚒᚏᚅ   |  ᚃᚑᚏᚈᚔᚌᚒᚏᚅ   |297|297._Knockboy_VI|0.2|1.2|0.18|Q85396914|CIIC 297. Knockboy VI|Knockboy|Decies without Drum|||-7.684968, 52.194711|WA013-034014-|||Ecclesiastical (probably early)
298._Knockboy_VII.xml|3b4be544e8d5|VEDABAR MAQILSM/ MOCOI ODR/REA|    ᚃᚓᚇᚐᚁᚐᚏ  ᚋᚐᚊᚔᚂᚄᚋ  ᚋᚑᚉᚑᚔ  ᚑᚇᚏᚏᚓᚐ |    ᚃᚓᚇᚐᚁᚐᚏ  ᚋᚐᚊᚔᚂᚄᚋ  ᚋᚑᚉᚑᚔ  ᚑᚇᚏᚏᚓᚐ |298|298._Knockboy_VII|0.23|1.02|0.17|Q85396914|CIIC 298. Knockboy VII|Knockboy|Decies without Drum|||-7.685057, 52.194773|WA013-034005-|['VEDABAR', 'ODR...REA']||Ecclesiastical (probably early)
299._Knockboy_VIII.xml|2a5caa74a08b|MAQI MONGEDIAS/ MAQI/ MUIBITI|    ᚋᚐᚊᚔ  ᚋᚑᚅᚌᚓᚇᚔᚐᚄ  ᚋᚐᚊᚔ  ᚋᚒᚔᚁᚔᚈᚔ |    ᚋᚐᚊᚔ  ᚋᚑᚅᚌᚓᚇᚔᚐᚄ  ᚋᚐᚊᚔ  ᚋᚒᚔᚁᚔᚈᚔ |299|299._Knockboy_VIII|0.28|0.66|0.1|Q85396914|CIIC 299. Knockboy VIII|Salterbridge|Coshmore and Coshbride|||-7.881039, 52.148923|WA013-034015-|['MONGEDIAS', 'MUIBITI']||Ecclesiastical (probably early)
300._Island.xml|10908a1cd7c0|CUNANETAS MAQ/I MMUC/OI NETA-SEGAMONAS|  ᚉᚒᚅᚐᚅᚓᚈᚐᚄ  ᚋᚐᚊᚔ  ᚋᚋᚒᚉᚑᚔ  ᚅᚓᚈᚐᚄᚓᚌᚐᚋᚑᚅᚐᚄ |  ᚉᚒᚅᚐᚅᚓᚈᚐᚄ  ᚋᚐᚊᚔ  ᚋᚋᚒᚉᚑᚔ  ᚅᚓᚈᚐᚄᚓᚌᚐᚋᚑᚅᚐᚄ |300|300._Island|0.49|1.42|0.15|Q85396859|CIIC 300. Island|(Old)Island|Decieswithout Drum|-7.481665, 52.113809|||WA032-029002|['CUNANETAS', 'NETA-SEGAMONAS']|['MAQI', 'MUCOI']|Possible Ecclesiastical
1083._Rathkenny_I.xml|d1bff9b4a522|COMMAGGAGNI MUCOI/ ISAMMNN|  ᚉᚑᚋᚋᚐᚌᚌᚐᚌᚅᚔ    ᚋᚒᚉᚑᚔ  ᚔᚄᚐᚋᚋᚅᚅ   |  ᚉᚑᚋᚋᚐᚌᚌᚐᚌᚅᚔ    ᚋᚒᚉᚑᚔ  ᚔᚄᚐᚋᚋᚅᚅ   |1083|1083._Rathkenny_I|0.4|1.0|0.18||CIIC 1083. Rathkenny I|Rathkenny|Clanmaurice|-9.721501, 52.333343|||KE021-087002-|['COMMAGGAGNI', 'ISAMMNN?']||Souterrain in large Ringfort/Rath
1084._Rathkenny_II.xml|310eb2e089e2|OLISSEGVOG|  ᚑᚂᚔᚄᚄᚓᚌᚃᚑᚌ   |  ᚑᚂᚔᚄᚄᚓᚌᚃᚑᚌ   |1084|1084._Rathkenny_II|0.24|0.82|0.19||CIIC 1084. Rathkenny II|Rathkenny|Clanmaurice|-9.721501, 52.333343|||KE021-087005-|||Souterrain in large Ringfort/Rath
246a._Ardcanaght_I.xml|d8cd76289fea|V MAQI|    ᚃ  ᚋᚐᚊᚔ   |    ᚃ  ᚋᚐᚊᚔ   |246a|246a._Ardcanaght_I|0.43|0.42|0.15|Q85396815|CIIC 246a. Ardcanaght|Ardcanaght|Trughanacmy|-9.725042, 52.165998||-9.725848, 52.169079|KE047-026001-|||Children'a burial ground
246b._Ardcanaght_II.xml|47a63ec48b7b|Macalister's (1945, 241-2) reading: LMCBLTCL/LT|  ᚋᚐᚉᚐᚂᚔᚄᚈᚓᚏᚄ        ᚏᚓᚐᚇᚔᚅᚌ  ᚂᚋᚉᚁᚂᚈᚉᚂᚂᚈ   |  ᚋᚐᚉᚐᚂᚔᚄᚈᚓᚏᚄ        ᚏᚓᚐᚇᚔᚅᚌ  ᚂᚋᚉᚁᚂᚈᚉᚂᚂᚈ   |246b|246b._Ardcanaght_II|0.15|0.86|0.14|Q85396815|CIIC 246b. Ardcanaght|Ardcanaght|Trughanacmy|-9.725042, 52.165998||-9.725848, 52.169079|KE047-026003-|||Children'a burial ground
Ardfert_II.xml|010f8520c442|OC/GIC|  ᚑᚉᚌᚔᚉ |  ᚑᚉᚌᚔᚉ |nan|Ardfert_II|0.23|0.86|0.15|Q85394024|Ardfert II|Ardfert|Clanmaurice|-9.782728, 52.328817|||KE020-046030-|||Ecclesiastical
Ballybarrack.xml|c18e2916a2ff|Left angle: MAQI-CORABIR MAQI TANB Right angle: NETA-SALAGIA MAQI MUCOI|  ᚂᚓᚃᚈ  ᚐᚅᚌᚂᚓ    ᚋᚐᚊᚔᚉᚑᚏᚐᚁᚔᚏ  ᚋᚐᚊᚔ  ᚈᚐᚅᚁ  ᚏᚔᚌᚆᚈ  ᚐᚅᚌᚂᚓ    ᚅᚓᚈᚐᚄᚐᚂᚐᚌᚔᚐ  ᚋᚐᚊᚔ  ᚋᚒᚉᚑᚔ |  ᚂᚓᚃᚈ  ᚐᚅᚌᚂᚓ    ᚋᚐᚊᚔᚉᚑᚏᚐᚁᚔᚏ  ᚋᚐᚊᚔ  ᚈᚐᚅᚁ  ᚏᚔᚌᚆᚈ  ᚐᚅᚌᚂᚓ    ᚅᚓᚈᚐᚄᚐᚂᚐᚌᚔᚐ  ᚋᚐᚊᚔ  ᚋᚒᚉᚑᚔ |nan|Ballybarrack|0.5|1.06|0.25||Ballybarrack|Ballybarrack|Upper Dundalk|-6.424467, 53.986185||-6.397017, 54.004625|LH007-072006-|['MAQI-CORABIR', 'TAN...', 'NETA-SALAGIA?']|['MAQI', 'MAQI', 'MUCOI']|Souterrain in enclosure
Bunkilla.xml|9f64f6646dcc|ANM MAQQI-LASIRE MAQQI BIRRAC...?|    ᚐᚅᚋ    ᚋᚐᚊᚊᚔᚂᚐᚄᚔᚏᚓ  ᚋᚐᚊᚊᚔ  ᚁᚔᚏᚏᚐᚉ |    ᚐᚅᚋ    ᚋᚐᚊᚊᚔᚂᚐᚄᚔᚏᚓ  ᚋᚐᚊᚊᚔ  ᚁᚔᚏᚏᚐᚉ |nan|Bunkilla|0.3|2.2|0.15||Bunkilla|Bunkilla|East Muskerry|-8.699286, 51.978137||-6.254558,53.340408|CO061-074----|['MAQQI-LASIRE(N)', 'BIRRAC']|['ANM', 'MAQI']|Unassociated
Church_Island.xml|8753a1dc9cce|Following McManus (1991, 69-70): BECCDINN MACI/ R/ITTECC|  ᚃᚑᚂᚂᚑᚔᚅᚌ  ᚋᚉᚋᚐᚅᚒᚄ          ᚁᚓᚉᚉᚇᚔᚅᚅ  ᚋᚐᚉᚔ  ᚏᚔᚈᚈᚓᚉᚉ |  ᚃᚑᚂᚂᚑᚔᚅᚌ  ᚋᚉᚋᚐᚅᚒᚄ          ᚁᚓᚉᚉᚇᚔᚅᚅ  ᚋᚐᚉᚔ  ᚏᚔᚈᚈᚓᚉᚉ |nan|Church_Island|0.36|1.49|0.1||Church Island|Church Island|Iveragh|-10.283297, 51.937555||-8.494544, 51.896371|KE079-032004-|['BECCDINN', 'RITTAVVECCAS']||Ecclesiastical
Churchclara_II.xml|e268d6fdf0a7|GELAGNI AVI|  ᚌᚓᚂᚐᚌᚅᚔ  ᚐᚃᚔ   |  ᚌᚓᚂᚐᚌᚅᚔ  ᚐᚃᚔ   |nan|Churchclara_II|0.24|1.14|nan||Churchclara II|||-7.146098, 52.655485|||KK020-017010-|||Ecclesiastical
Cloghabrody.xml|c5ee571d03ce|VEDDELLEMETTO MU/CI/ LOGIDDEAS/ AVVI MUNICCONA|  ᚃᚓᚇᚇᚓᚂᚂᚓᚋᚓᚈᚈᚑ  ᚋᚒᚉᚔ  ᚂᚑᚌᚔᚇᚇᚓᚐᚄ  ᚐᚃᚃᚔ  ᚋᚒᚅᚔᚉᚉᚑᚅᚐ |  ᚃᚓᚇᚇᚓᚂᚂᚓᚋᚓᚈᚈᚑ  ᚋᚒᚉᚔ  ᚂᚑᚌᚔᚇᚇᚓᚐᚄ  ᚐᚃᚃᚔ  ᚋᚒᚅᚔᚉᚉᚑᚅᚐ |nan|Cloghabrody|0.31|1.46|0.2||Cloghabrody|Cloghabrody|Columbkille|-7.128603, 52.531772||-7.157583, 52.510880|KK028-062011-|['VEDELMETO', 'LOGIDEAS', 'MUNICONA']|['MUCOI', 'AVI']|Possible ecclesiastical
Coumlanders.xml|609b9351ac9c|RETAGIN MAQI DOVU|    ᚏᚓᚈᚐᚌᚔᚅ  ᚋᚐᚊᚔ  ᚇᚑᚃᚒ   |    ᚏᚓᚈᚐᚌᚔᚅ  ᚋᚐᚊᚔ  ᚇᚑᚃᚒ   |nan|Coumlanders|0.35|1.09|0.19||Coumlanders|Coumlanders|Corkaguiney|||-10.405999, 52.166581|KE042-164----|||Unknown
Drummin_II.xml|5dff0b7abf0d|Right-hand angle: RAVASA KOI MAQQI D/TL Left-hand angle: SENN|ᚏᚔᚌᚆᚈᚆᚐᚅᚇ  ᚐᚅᚌᚂᚓ  ᚏᚐᚃᚐᚄᚐ  ᚕᚑᚔ  ᚋᚐᚊᚊᚔ    ᚇᚈᚂ  ᚂᚓᚃᚈᚆᚐᚅᚇ  ᚐᚅᚌᚂᚓ  ᚄᚓᚅᚅ |ᚏᚔᚌᚆᚈᚆᚐᚅᚇ  ᚐᚅᚌᚂᚓ  ᚏᚐᚃᚐᚄᚐ  ᚕᚑᚔ  ᚋᚐᚊᚊᚔ    ᚇᚈᚂ  ᚂᚓᚃᚈᚆᚐᚅᚇ  ᚐᚅᚌᚂᚓ  ᚄᚓᚅᚅ |nan|Drummin_II|0.55|1.9|0.35||Drummin II|Drummin|Castlereagh|-8.369872, 53.834331|||RO015-051004-|||Ringfort/rath
Kilgrovan_VI.xml|128160489798|...U MAQI CUMUGODU/U MUCO|  ᚒ  ᚋᚐᚊᚔ  ᚉᚒᚋᚒᚌᚑᚇᚒᚒ  ᚋᚒᚉᚑ|  ᚒ  ᚋᚐᚊᚔ  ᚉᚒᚋᚒᚌᚑᚇᚒᚒ  ᚋᚒᚉᚑ|nan|Kilgrovan_VI|0.42|0.98|0.13||Kilgrovan VI|Kilgrovan|Decies without Drum|-7.548852,52.089619||-6.254558,53.340408|WA031-045008-||['MAQI', 'MUCOI']|Ecclesiastical
Kilgrovan_VII.xml|56553a243a63|UMU T|    ᚒᚋᚒ  ᚈ |    ᚒᚋᚒ  ᚈ |nan|Kilgrovan_VII|0.09|0.26|0.03||Kilgrovan VII|Kilgrovan|Decies|-7.548852,52.089619||-6.254558,53.340408|WA031-045015-|||Ecclesiastical
Knockmahon_I.xml|02a67cf3ff92|SENAQ MAQI/ MUCOI ENA|    ᚄᚓᚅᚐᚊ    ᚋᚐᚊᚔ  ᚋᚒᚉᚑᚔ  ᚓᚅᚐ   |    ᚄᚓᚅᚐᚊ    ᚋᚐᚊᚔ  ᚋᚒᚉᚑᚔ  ᚓᚅᚐ   |nan|Knockmahon_I|0.3|1.2|0.24||Knockmahon I|||-7.354360, 52.137783||-7.362347, 52.140285|WA025-128001-|['SENAQ', 'ENA']|['MAQI', 'MUCOI']|Promontory fort
Knockmahon_II.xml|04d549b4083e|VEDILIMETO/ MAQI/ TOQITAQ|    ᚃᚓᚇᚔᚂᚔᚋᚓᚈᚑ    ᚋᚐᚊᚔ    ᚈᚑᚊᚔᚈᚐᚊ   |    ᚃᚓᚇᚔᚂᚔᚋᚓᚈᚑ    ᚋᚐᚊᚔ    ᚈᚑᚊᚔᚈᚐᚊ   |nan|Knockmahon_II|0.59|0.87|0.25||Knockmahon II|||-7.354360, 52.137783||-7.362428, 52.140308|WA025-128002-|['VEDELMETO', 'TOGITTACC[I]?']||Promontory fort
Ratass.xml|029cd95c4ec3|ANM SILLANN MAQ VATTILLOGG|  ᚐᚅᚋ  ᚄᚔᚂᚂᚐᚅᚅ  ᚋᚐᚊ  ᚃᚐᚈᚈᚔᚂᚂᚑᚌᚌ |  ᚐᚅᚋ  ᚄᚔᚂᚂᚐᚅᚅ  ᚋᚐᚊ  ᚃᚐᚈᚈᚔᚂᚂᚑᚌᚌ |nan|Ratass|0.34|1.45|0.2||Ratass|Ratass|Trughanacmy|-9.681883, 52.267049|||KE029-157002-|['SILLANN', 'VATTILLOGG']|['ANM', 'MAQI']|Ecclesiastical
Rathkenny_IV.xml|589c3592a537|V A S|  ᚃ  ᚐ  ᚄ   |  ᚃ  ᚐ  ᚄ   |nan|Rathkenny_IV|0.22|0.74|0.13||Rathkenny IV|Rathkenny|Clanmaurice|-9.721501, 52.333343|||KE021-087007-|||Souterrain in large Ringfort/Rath
Scattery_Island.xml|0dca2985664f|NS|  ᚅᚄ |  ᚅᚄ |nan|Scattery_Island|0.6|2.0|0.14||Scattery Island|Scattery Island|Moyarta|-9.517780, 52.615507||-9.514446, 52.614625|CL067-024016-|||Ecclesiastical
Shankill.xml|91ce73db25e4|MAQICUNALIGEAS/ MAQI COILLI/ MUCOI COSCI/EAS|  ᚋᚐᚊᚔᚉᚒᚅᚐᚂᚔᚌᚓᚐᚄ    ᚋᚐᚊᚔ  ᚉᚑᚔᚂᚂᚔ    ᚋᚒᚉᚑᚔ  ᚉᚑᚄᚉᚔᚓᚐᚄ   |  ᚋᚐᚊᚔᚉᚒᚅᚐᚂᚔᚌᚓᚐᚄ    ᚋᚐᚊᚔ  ᚉᚑᚔᚂᚂᚔ    ᚋᚒᚉᚑᚔ  ᚉᚑᚄᚉᚔᚓᚐᚄ   |nan|Shankill|0.14|0.57|0.05||Shankill|Shankill|Gowran|-7.004731, 52.689927||-7.254813, 52.654265|KK016-013----|['MAQI-CUNALIG...', 'COILLI', 'COSCIS/N']|['MAQI', 'MUCOI']|Unknown
Tullaherin_II.xml|36cc316e81ca|DT MUCOI RGN|  ᚇᚈ  ᚋᚒᚉᚑᚔ  ᚏᚌᚅ   |  ᚇᚈ  ᚋᚒᚉᚑᚔ  ᚏᚌᚅ   |nan|Tullaherin_II|0.51|1.56|0.26||Tullaherin II||||-7.130026, 52.579280||KK024-062009-|||Ecclesiastical
